date,day_of_week,month,week_of_year,total_steps,steps_morning,steps_early_afternoon,steps_late_afternoon,steps_evening,steps_night
2023-01-01,Sunday,January,52,11503,399,0,8043,2643,418
2023-01-02,Monday,January,1,14037,10,0,1355,5891,6781
2023-01-03,Tuesday,January,1,2692,17,0,945,0,1730
2023-01-04,Wednesday,January,1,9372,8,8,3676,0,5680
2023-01-05,Thursday,January,1,8143,2,0,3644,0,4497
2023-01-06,Friday,January,1,7804,7,0,3453,0,4344
2023-01-07,Saturday,January,1,15893,9,0,0,4375,11509
2023-01-08,Sunday,January,1,5499,27,0,2643,8,2821
2023-01-09,Monday,January,2,9476,4,11,5135,7,4319
2023-01-10,Tuesday,January,2,10252,4,11,4306,1348,4583
2023-01-11,Wednesday,January,2,9616,2,0,5195,0,4419
2023-01-12,Thursday,January,2,10,3,0,7,0,0
2023-01-13,Friday,January,2,9995,18,14,2,2296,7665
2023-01-14,Saturday,January,2,16159,21,0,3,4451,11684
2023-01-15,Sunday,January,2,9260,30,0,0,2619,6611
2023-01-16,Monday,January,3,14338,76,6,3,8373,5880
2023-01-17,Tuesday,January,3,9062,65,0,6,3379,5612
2023-01-18,Wednesday,January,3,10098,36,0,44,3433,6585
2023-01-19,Thursday,January,3,9511,0,0,3533,38,5940
2023-01-20,Friday,January,3,10607,4,93,4889,7,5614
2023-01-21,Saturday,January,3,13876,2,0,11,3091,10772
2023-01-22,Sunday,January,3,14764,0,0,3546,3715,7503
2023-01-23,Monday,January,4,9540,14,0,4941,381,4204
2023-01-24,Tuesday,January,4,10866,12,2,3992,10,6850
2023-01-25,Wednesday,January,4,9208,0,0,3632,0,5576
2023-01-26,Thursday,January,4,8127,5,0,3917,0,4205
2023-01-27,Friday,January,4,14390,556,0,4222,0,9612
2023-01-28,Saturday,January,4,15033,6004,0,1393,848,6788
2023-01-29,Sunday,January,4,15710,435,0,5,8678,6592
2023-01-30,Monday,January,5,22873,15,0,953,6972,14933
2023-01-31,Tuesday,January,5,4021,4,0,2052,322,1643
2023-02-01,Wednesday,February,5,9915,5,1606,3266,0,5038
2023-02-02,Thursday,February,5,5735,11,22,3586,0,2116
2023-02-03,Friday,February,5,9176,2,3532,0,0,5642
2023-02-04,Saturday,February,5,11476,0,7,9,4009,7451
2023-02-05,Sunday,February,5,13566,16,0,1540,6025,5985
2023-02-06,Monday,February,6,6627,52,22,3357,0,3196
2023-02-07,Tuesday,February,6,7753,0,10,3414,0,4329
2023-02-08,Wednesday,February,6,7604,8,0,3620,0,3976
2023-02-09,Thursday,February,6,7938,8,16,3655,4,4255
2023-02-10,Friday,February,6,7263,12,16,3336,0,3899
2023-02-11,Saturday,February,6,13985,12,0,0,3172,10801
2023-02-12,Sunday,February,6,12191,10,0,2601,4656,4924
2023-02-13,Monday,February,7,4254,2,0,0,3350,902
2023-02-14,Tuesday,February,7,7249,3,10,3664,0,3572
2023-02-15,Wednesday,February,7,7326,11,0,3446,2,3867
2023-02-16,Thursday,February,7,7155,9,0,3286,0,3860
2023-02-17,Friday,February,7,8982,0,0,1914,3624,3444
2023-02-18,Saturday,February,7,14212,9,0,3,4212,9988
2023-02-19,Sunday,February,7,8970,10,0,0,0,8960
2023-02-20,Monday,February,8,11003,2,0,14,636,10351
2023-02-21,Tuesday,February,8,9060,2,0,3361,0,5697
2023-02-22,Wednesday,February,8,5882,10,0,3452,0,2420
2023-02-23,Thursday,February,8,7690,4,754,2794,0,4138
2023-02-24,Friday,February,8,9337,11,0,5313,195,3818
2023-02-25,Saturday,February,8,14721,95,15,0,4729,9882
2023-02-26,Sunday,February,8,10474,255,0,0,3548,6671
2023-02-27,Monday,February,9,3688,0,0,3617,0,71
2023-02-28,Tuesday,February,9,7554,0,0,3509,0,4045
2023-03-01,Wednesday,March,9,7645,8,0,3556,0,4081
2023-03-02,Thursday,March,9,7617,0,0,3505,0,4112
2023-03-03,Friday,March,9,8238,6,0,3399,0,4833
2023-03-04,Saturday,March,9,11249,14,0,8,4454,6773
2023-03-05,Sunday,March,9,7020,12,0,0,2530,4478
2023-03-06,Monday,March,10,3714,27,0,3609,0,78
2023-03-07,Tuesday,March,10,7501,4,0,3401,0,4096
2023-03-08,Wednesday,March,10,9395,2,0,2629,2593,4171
2023-03-09,Thursday,March,10,17265,2320,5075,539,21,9310
2023-03-10,Friday,March,10,15494,0,8049,0,0,7445
2023-03-11,Saturday,March,10,20145,2,14,3330,1665,15134
2023-03-12,Sunday,March,10,15006,0,34,8464,1072,5436
2023-03-13,Monday,March,11,8974,84,7848,271,0,771
2023-03-14,Tuesday,March,11,13444,56,3674,1507,2165,6042
2023-03-15,Wednesday,March,11,22669,0,2561,6801,6080,7227
2023-03-16,Thursday,March,11,9297,42,29,530,3323,5373
2023-03-17,Friday,March,11,32569,0,2452,6782,11014,12321
2023-03-18,Saturday,March,11,17847,0,3002,6664,5235,2946
2023-03-19,Sunday,March,11,11200,0,0,2489,3121,5590
2023-03-20,Monday,March,12,5237,0,3019,1240,0,978
2023-03-21,Tuesday,March,12,9331,13,597,2432,1891,4398
2023-03-22,Wednesday,March,12,7392,3,2,3480,0,3907
2023-03-23,Thursday,March,12,9308,4,14,3673,0,5617
2023-03-24,Friday,March,12,7627,0,26,3414,0,4187
2023-03-25,Saturday,March,12,8573,9,0,1275,1940,5349
2023-03-26,Sunday,March,12,12829,0,0,32,6678,6119
2023-03-27,Monday,March,13,3830,11,0,3114,583,122
2023-03-28,Tuesday,March,13,8065,6,167,3289,662,3941
2023-03-29,Wednesday,March,13,7600,0,7,3414,69,4110
2023-03-30,Thursday,March,13,7034,0,8,3354,0,3672
2023-03-31,Friday,March,13,7059,10,2992,540,0,3517
2023-04-01,Saturday,April,13,22408,3947,0,1537,2900,14024
2023-04-02,Sunday,April,13,9606,0,0,4407,5093,106
2023-04-03,Monday,April,14,7714,8,0,3279,0,4427
2023-04-04,Tuesday,April,14,7230,3,0,3473,0,3754
2023-04-05,Wednesday,April,14,6631,0,2,3262,0,3367
2023-04-06,Thursday,April,14,7063,0,3,3439,0,3621
2023-04-07,Friday,April,14,7183,20,2517,800,8,3838
2023-04-08,Saturday,April,14,15254,16,0,1637,3241,10360
2023-04-09,Sunday,April,14,13132,16,16,4208,5618,3274
2023-04-10,Monday,April,15,8204,6,10,3312,0,4876
2023-04-11,Tuesday,April,15,7560,16,2389,1193,0,3962
2023-04-12,Wednesday,April,15,7702,11,754,3053,0,3884
2023-04-13,Thursday,April,15,6844,0,4,3103,0,3737
2023-04-14,Friday,April,15,7436,9,0,3299,20,4108
2023-04-15,Saturday,April,15,11896,29,0,1676,6345,3846
2023-04-16,Sunday,April,15,7794,16,0,5585,0,2193
2023-04-17,Monday,April,16,4774,9,0,4,2651,2110
2023-04-18,Tuesday,April,16,9399,77,0,3429,0,5893
2023-04-19,Wednesday,April,16,6331,0,0,3129,0,3202
2023-04-20,Thursday,April,16,7684,10,0,3411,0,4263
2023-04-21,Friday,April,16,6039,0,17,2806,0,3216
2023-04-22,Saturday,April,16,2137,97,0,6,0,2034
2023-04-23,Sunday,April,16,472,2,0,0,0,470
2023-04-24,Monday,April,17,7819,23,935,2548,2,4311
2023-04-25,Tuesday,April,17,7659,0,9,3476,0,4174
2023-04-26,Wednesday,April,17,8820,2,0,0,5185,3633
2023-04-27,Thursday,April,17,10287,2,0,3936,50,6299
2023-04-28,Friday,April,17,8740,0,1645,1771,0,5324
2023-04-29,Saturday,April,17,13733,0,0,965,4681,8087
2023-04-30,Sunday,April,17,3429,48,0,399,733,2249
2023-05-01,Monday,May,18,4330,0,1888,1485,0,957
2023-05-02,Tuesday,May,18,5193,3,0,0,2,5188
2023-05-03,Wednesday,May,18,10098,0,3,7,5103,4985
2023-05-04,Thursday,May,18,8407,0,2886,520,0,5001
2023-05-05,Friday,May,18,8809,8,2407,1365,3,5026
2023-05-06,Saturday,May,18,16666,0,4,1678,3317,11667
2023-05-07,Sunday,May,18,10589,74,13,4614,1526,4362
2023-05-08,Monday,May,19,3811,0,3741,10,0,60
2023-05-09,Tuesday,May,19,10011,7,3555,0,0,6449
2023-05-10,Wednesday,May,19,7437,0,3464,0,0,3973
2023-05-11,Thursday,May,19,11547,513,3491,3,2,7538
2023-05-12,Friday,May,19,9926,0,3325,315,2,6284
2023-05-13,Saturday,May,19,11763,0,3,1573,3942,6245
2023-05-14,Sunday,May,19,15745,7,0,1074,10015,4649
2023-05-15,Monday,May,20,5640,20,0,3897,0,1723
2023-05-16,Tuesday,May,20,8898,9,3123,1135,569,4062
2023-05-17,Wednesday,May,20,9759,0,2876,704,0,6179
2023-05-18,Thursday,May,20,10159,10,3175,383,0,6591
2023-05-19,Friday,May,20,8376,6,2991,1103,168,4108
2023-05-20,Saturday,May,20,9593,2,2109,0,23,7459
2023-05-21,Sunday,May,20,9907,22,0,2582,1451,5852
2023-05-22,Monday,May,21,7673,0,3316,0,0,4357
2023-05-23,Tuesday,May,21,9197,0,873,2552,0,5772
2023-05-24,Wednesday,May,21,11424,23,3057,2318,0,6026
2023-05-25,Thursday,May,21,9156,11,3570,0,0,5575
2023-05-26,Friday,May,21,10232,0,3236,53,0,6943
2023-05-27,Saturday,May,21,15384,24,7,1476,3741,10136
2023-05-28,Sunday,May,21,7074,8,48,265,790,5963
2023-05-29,Monday,May,22,9346,15,0,1547,3451,4333
2023-05-30,Tuesday,May,22,3020,6,237,2629,0,148
2023-05-31,Wednesday,May,22,10639,0,4130,781,0,5728
2023-06-01,Thursday,June,22,10527,0,4161,650,0,5716
2023-06-02,Friday,June,22,10536,1,3623,4,0,6908
2023-06-03,Saturday,June,22,21303,16,0,1686,5031,14570
2023-06-04,Sunday,June,22,14432,2336,0,3123,3780,5193
2023-06-05,Monday,June,23,11355,5,3555,1777,0,6018
2023-06-06,Tuesday,June,23,11203,0,4621,1108,0,5474
2023-06-07,Wednesday,June,23,11124,2,4306,1189,0,5627
2023-06-08,Thursday,June,23,9489,78,4627,943,0,3841
2023-06-09,Friday,June,23,12846,0,3557,1883,0,7406
2023-06-10,Saturday,June,23,14975,0,0,1768,3495,9712
2023-06-11,Sunday,June,23,12103,0,0,2749,2758,6596
2023-06-12,Monday,June,24,5185,2,3525,1539,0,119
2023-06-13,Tuesday,June,24,17349,8,3846,1924,303,11268
2023-06-14,Wednesday,June,24,17984,0,3359,2045,3180,9400
2023-06-15,Thursday,June,24,9570,4,2117,884,3,6562
2023-06-16,Friday,June,24,11896,12,3936,1376,0,6572
2023-06-17,Saturday,June,24,12565,9,0,1498,2949,8109
2023-06-18,Sunday,June,24,9565,16,65,1603,732,7149
2023-06-19,Monday,June,25,14018,0,0,4765,4394,4859
2023-06-20,Tuesday,June,25,7387,17,18,3692,0,3660
2023-06-21,Wednesday,June,25,11663,0,2866,2289,2,6506
2023-06-22,Thursday,June,25,10480,5,2908,955,0,6612
2023-06-23,Friday,June,25,11662,0,1005,4253,0,6404
2023-06-24,Saturday,June,25,10622,83,878,744,1936,6981
2023-06-25,Sunday,June,25,26497,159,0,9831,6230,10277
2023-06-26,Monday,June,26,13434,0,4098,1725,0,7611
2023-06-27,Tuesday,June,26,12615,359,4579,0,0,7677
2023-06-28,Wednesday,June,26,10520,3601,2442,193,19,4265
2023-06-29,Thursday,June,26,12821,395,5646,0,0,6780
2023-06-30,Friday,June,26,11225,0,5579,4,0,5642
2023-07-01,Saturday,July,26,20861,10,2689,2695,10851,4616
2023-07-02,Sunday,July,26,17603,0,3149,2971,3667,7816
2023-07-03,Monday,July,27,18108,17,5276,2755,3664,6396
2023-07-04,Tuesday,July,27,10016,1484,72,2213,2029,4218
2023-07-05,Wednesday,July,27,5302,0,4339,960,0,3
2023-07-06,Thursday,July,27,11983,0,4629,937,0,6417
2023-07-07,Friday,July,27,11747,7,4289,1138,0,6313
2023-07-08,Saturday,July,27,18926,124,0,1485,6170,11147
2023-07-09,Sunday,July,27,10517,11,0,2672,3179,4655
2023-07-10,Monday,July,28,9800,2013,3341,2320,0,2126
2023-07-11,Tuesday,July,28,11719,0,3577,1529,0,6613
2023-07-12,Wednesday,July,28,11548,2,2770,2609,0,6167
2023-07-13,Thursday,July,28,10952,0,4246,1004,0,5702
2023-07-14,Friday,July,28,11970,32,2972,2372,0,6594
2023-07-15,Saturday,July,28,16786,0,2,1604,5070,10110
2023-07-16,Sunday,July,28,26398,4545,0,2428,7267,12158
2023-07-17,Monday,July,29,4953,16,3872,1048,0,17
2023-07-18,Tuesday,July,29,11307,0,3509,1656,0,6142
2023-07-19,Wednesday,July,29,10656,0,3306,1734,0,5616
2023-07-20,Thursday,July,29,15567,0,4201,985,0,10381
2023-07-21,Friday,July,29,14807,5139,615,1516,584,6953
2023-07-22,Saturday,July,29,14329,509,459,722,6626,6013
2023-07-23,Sunday,July,29,16358,754,5854,5,4891,4854
2023-07-24,Monday,July,30,2978,0,0,0,0,2978
2023-07-25,Tuesday,July,30,5244,434,379,0,0,4431
2023-07-26,Wednesday,July,30,3625,99,1,576,2095,854
2023-07-27,Thursday,July,30,11083,1159,515,443,1612,7354
2023-07-28,Friday,July,30,11394,0,6913,2221,149,2111
2023-07-29,Saturday,July,30,17596,2989,0,1656,4121,8830
2023-07-30,Sunday,July,30,12856,11,0,1266,2645,8934
2023-07-31,Monday,July,31,6262,5,4310,1046,0,901
2023-08-01,Tuesday,August,31,11869,17,4353,1048,642,5809
2023-08-02,Wednesday,August,31,11038,0,4313,1000,0,5725
2023-08-03,Thursday,August,31,11380,2,4267,1031,0,6080
2023-08-04,Friday,August,31,11293,3,3461,1705,0,6124
2023-08-05,Saturday,August,31,15027,0,0,842,2980,11205
2023-08-06,Sunday,August,31,14047,100,0,2568,2961,8418
2023-08-07,Monday,August,32,6163,877,1570,1109,0,2607
2023-08-08,Tuesday,August,32,9278,7,11,3974,0,5286
2023-08-09,Wednesday,August,32,10883,22,4278,1023,1301,4259
2023-08-10,Thursday,August,32,12656,0,4227,1083,0,7346
2023-08-11,Friday,August,32,12049,21,4,1377,2,10645
2023-08-12,Saturday,August,32,17155,52,0,1714,4333,11056
2023-08-13,Sunday,August,32,29761,13,2165,14457,4274,8852
2023-08-14,Monday,August,33,5403,0,4266,1129,2,6
2023-08-15,Tuesday,August,33,11042,0,4147,1116,0,5779
2023-08-16,Wednesday,August,33,12926,11,4187,1062,4,7662
2023-08-17,Thursday,August,33,10446,2,4149,1062,0,5233
2023-08-18,Friday,August,33,13357,11,4001,1177,1494,6674
2023-08-19,Saturday,August,33,22403,386,0,1537,6310,14170
2023-08-20,Sunday,August,33,7249,0,149,3179,3066,855
2023-08-21,Monday,August,34,3680,0,103,2067,596,914
2023-08-22,Tuesday,August,34,12166,0,4656,909,786,5815
2023-08-23,Wednesday,August,34,16106,0,3729,1715,0,10662
2023-08-24,Thursday,August,34,13709,65,931,1561,526,10626
2023-08-25,Friday,August,34,7933,6,0,3398,0,4529
2023-08-26,Saturday,August,34,16693,0,35,1875,2294,12489
2023-08-27,Sunday,August,34,25306,0,0,2586,5464,17256
2023-08-28,Monday,August,35,7297,0,3446,1703,0,2148
2023-08-29,Tuesday,August,35,11475,0,3763,1881,0,5831
2023-08-30,Wednesday,August,35,10731,0,2256,2174,0,6301
2023-08-31,Thursday,August,35,8641,7,632,1651,0,6351
2023-09-01,Friday,September,35,24309,13,4335,4926,3453,11582
2023-09-02,Saturday,September,35,11768,13,3,2023,2858,6871
2023-09-03,Sunday,September,35,29118,24,253,9262,13694,5885
2023-09-04,Monday,September,36,34646,0,161,11320,13121,10044
2023-09-05,Tuesday,September,36,3531,0,181,1994,1134,222
2023-09-06,Wednesday,September,36,10935,0,3463,1588,0,5884
2023-09-07,Thursday,September,36,10566,0,4668,1042,0,4856
2023-09-08,Friday,September,36,9852,0,3638,1892,551,3771
2023-09-09,Saturday,September,36,15500,1,4,1602,4382,9511
2023-09-10,Sunday,September,36,31999,0,2798,9834,7004,12363
2023-09-11,Monday,September,37,3369,2,112,2151,0,1104
2023-09-12,Tuesday,September,37,12483,2,4306,956,0,7219
2023-09-13,Wednesday,September,37,12097,4,3496,1737,0,6860
2023-09-14,Thursday,September,37,9385,0,3648,87,479,5171
2023-09-15,Friday,September,37,11549,0,2966,2218,450,5915
2023-09-16,Saturday,September,37,13574,2,3,1600,7004,4965
2023-09-17,Sunday,September,37,3767,51,34,133,495,3054
2023-09-18,Monday,September,38,3691,8,85,2057,503,1038
2023-09-19,Tuesday,September,38,11466,0,3043,2205,456,5762
2023-09-20,Wednesday,September,38,11582,36,3044,2175,0,6327
2023-09-21,Thursday,September,38,12455,0,2111,2214,1193,6937
2023-09-22,Friday,September,38,10532,8,26,5458,987,4053
2023-09-23,Saturday,September,38,6697,16,11,652,1892,4126
2023-09-24,Sunday,September,38,29112,1755,111,11594,10178,5474
2023-09-25,Monday,September,39,3890,0,188,2001,1003,698
2023-09-26,Tuesday,September,39,13748,20,843,4403,1315,7167
2023-09-27,Wednesday,September,39,11602,0,1584,3546,102,6370
2023-09-28,Thursday,September,39,9239,9,2978,568,0,5684
2023-09-29,Friday,September,39,11643,30,2016,1674,401,7522
2023-09-30,Saturday,September,39,10128,24,710,981,804,7609
2023-10-01,Sunday,October,39,30658,223,33,4350,10716,15336
2023-10-02,Monday,October,40,3196,0,237,440,1493,1026
2023-10-03,Tuesday,October,40,11569,3,2644,1008,845,7069
2023-10-04,Wednesday,October,40,11713,0,1700,1299,815,7899
2023-10-05,Thursday,October,40,16283,0,3875,2490,722,9196
2023-10-06,Friday,October,40,15206,1619,1840,1169,1019,9559
2023-10-07,Saturday,October,40,29822,30,5,3198,8447,18142
2023-10-08,Sunday,October,40,8551,433,0,13,2593,5512
2023-10-09,Monday,October,41,19298,0,3152,2214,481,13451
2023-10-10,Tuesday,October,41,11892,0,1329,3870,604,6089
2023-10-11,Wednesday,October,41,12459,3,2201,3228,428,6599
2023-10-12,Thursday,October,41,7664,7,496,1359,91,5711
2023-10-13,Friday,October,41,12128,2,2126,3102,0,6898
2023-10-14,Saturday,October,41,15190,9,0,2125,5186,7870
2023-10-15,Sunday,October,41,15163,394,0,0,5453,9316
2023-10-16,Monday,October,42,7243,4,2858,2453,1036,892
2023-10-17,Tuesday,October,42,11337,0,3587,1739,344,5667
2023-10-18,Wednesday,October,42,12632,5,3831,1847,796,6153
2023-10-19,Thursday,October,42,11873,0,3857,1684,0,6332
2023-10-20,Friday,October,42,12388,20,2,3518,0,8848
2023-10-21,Saturday,October,42,22795,0,7,6785,2990,13013
2023-10-22,Sunday,October,42,12673,0,0,2454,2624,7595
2023-10-23,Monday,October,43,4450,5,154,2699,7,1585
2023-10-24,Tuesday,October,43,13526,5,1434,3751,663,7673
2023-10-25,Wednesday,October,43,12397,2,512,4775,541,6567
2023-10-26,Thursday,October,43,11454,0,5,3519,2699,5231
2023-10-27,Friday,October,43,11672,23,15,1251,2228,8155
2023-10-28,Saturday,October,43,45093,197,1032,5998,10879,26987
2023-10-29,Sunday,October,43,52761,23,1954,14584,13527,22673
2023-10-30,Monday,October,44,2640,42,0,726,1597,275
2023-10-31,Tuesday,October,44,4742,0,0,989,949,2804
2023-11-01,Wednesday,November,44,11356,0,4737,1048,484,5087
2023-11-02,Thursday,November,44,8739,0,0,3679,0,5060
2023-11-03,Friday,November,44,9449,1359,11,3842,1064,3173
2023-11-04,Saturday,November,44,12606,11,0,1903,4054,6638
2023-11-05,Sunday,November,44,15529,180,0,3465,4763,7121
2023-11-06,Monday,November,45,9592,1184,0,2588,1820,4000
2023-11-07,Tuesday,November,45,13721,2345,0,4039,0,7337
2023-11-08,Wednesday,November,45,8745,5,12,2223,0,6505
2023-11-09,Thursday,November,45,9042,10,0,3704,546,4782
2023-11-10,Friday,November,45,10979,6,0,7,2540,8426
2023-11-11,Saturday,November,45,14173,1832,0,0,5189,7152
2023-11-12,Sunday,November,45,8787,838,0,2548,1525,3876
2023-11-13,Monday,November,46,9970,2629,7,847,1687,4800
2023-11-14,Tuesday,November,46,13722,23,29,3800,2,9868
2023-11-15,Wednesday,November,46,8410,0,7,4663,704,3036
2023-11-16,Thursday,November,46,14418,25,19,3587,3333,7454
2023-11-17,Friday,November,46,15935,383,18,4086,0,11448
2023-11-18,Saturday,November,46,13426,470,0,925,2234,9797
2023-11-19,Sunday,November,46,8660,432,0,522,2117,5589
2023-11-20,Monday,November,47,9028,31,6,4214,0,4777
2023-11-21,Tuesday,November,47,12366,181,0,3935,412,7838
2023-11-22,Wednesday,November,47,7379,15,1833,1742,0,3789
2023-11-23,Thursday,November,47,12431,29,0,2182,4559,5661
2023-11-24,Friday,November,47,6144,605,0,490,3036,2013
2023-11-25,Saturday,November,47,6557,181,0,469,4469,1438
2023-11-26,Sunday,November,47,3964,164,0,454,156,3190
2023-11-27,Monday,November,48,6097,245,22,4214,0,1616
2023-11-28,Tuesday,November,48,9127,332,0,5491,0,3304
2023-11-29,Wednesday,November,48,9164,80,379,1725,4,6976
2023-11-30,Thursday,November,48,9145,22,56,3430,4690,947
2023-12-01,Friday,December,48,5473,12,235,1036,361,3829
2023-12-02,Saturday,December,48,5822,203,1822,7,909,2881
2023-12-03,Sunday,December,48,14018,60,427,3971,462,9098
2023-12-04,Monday,December,49,7031,414,554,2598,666,2799
2023-12-05,Tuesday,December,49,7826,24,12,2513,0,5277
2023-12-06,Wednesday,December,49,8050,116,0,2830,0,5104
2023-12-07,Thursday,December,49,5910,10,0,2498,0,3402
2023-12-08,Friday,December,49,9522,7,0,2842,103,6570
2023-12-09,Saturday,December,49,13085,43,0,302,2427,10313
2023-12-10,Sunday,December,49,9865,553,0,0,221,9091
2023-12-11,Monday,December,50,9307,0,0,4089,577,4641
2023-12-12,Tuesday,December,50,9935,18,0,4095,2065,3757
2023-12-13,Wednesday,December,50,9728,13,0,3338,82,6295
2023-12-14,Thursday,December,50,8999,115,0,2503,68,6313
2023-12-15,Friday,December,50,8442,405,0,2598,87,5352
2023-12-16,Saturday,December,50,18749,3020,0,64,4854,10811
2023-12-17,Sunday,December,50,7135,257,21,79,257,6521
2023-12-18,Monday,December,51,2536,19,0,2505,0,12
2023-12-19,Tuesday,December,51,6349,229,0,2337,1,3782
2023-12-20,Wednesday,December,51,8061,450,0,3445,96,4070
2023-12-21,Thursday,December,51,12939,1685,2181,1307,0,7766
2023-12-22,Friday,December,51,36750,28,495,5913,12979,17335
2023-12-23,Saturday,December,51,11851,388,0,903,2594,7966
2023-12-24,Sunday,December,51,9816,853,0,1990,2759,4214
2023-12-25,Monday,December,52,8111,18,0,2061,2799,3233
2023-12-26,Tuesday,December,52,1938,0,0,1326,96,516
2023-12-27,Wednesday,December,52,8218,72,0,2487,520,5139
2023-12-28,Thursday,December,52,13555,77,0,4147,3692,5639
2023-12-29,Friday,December,52,5112,112,1063,39,284,3614
2023-12-30,Saturday,December,52,54817,0,6115,14799,16619,17284
2023-12-31,Sunday,December,52,56999,0,6190,16497,16315,17997
2024-01-01,Monday,January,1,6850,599,0,7,23,6221
2024-01-02,Tuesday,January,1,1738,0,0,1015,19,704
2024-01-03,Wednesday,January,1,5825,38,0,2273,106,3408
2024-01-04,Thursday,January,1,6392,7,0,2328,486,3571
2024-01-05,Friday,January,1,6515,12,0,2621,100,3782
2024-01-06,Saturday,January,1,10821,413,0,133,6286,3989
2024-01-07,Sunday,January,1,7579,2938,0,12,0,4629
2024-01-08,Monday,January,2,7242,11,0,2424,0,4807
2024-01-09,Tuesday,January,2,7458,31,0,2534,0,4893
2024-01-10,Wednesday,January,2,6941,63,0,2190,237,4451
2024-01-11,Thursday,January,2,4699,8,4,2424,0,2263
2024-01-12,Friday,January,2,5863,2,0,2304,0,3557
2024-01-13,Saturday,January,2,9012,1807,0,409,2073,4723
2024-01-14,Sunday,January,2,9836,218,0,21,1710,7887
2024-01-15,Monday,January,3,1024,461,0,384,0,179
2024-01-16,Tuesday,January,3,6113,72,0,2209,0,3832
2024-01-17,Wednesday,January,3,4163,26,0,2353,91,1693
2024-01-18,Thursday,January,3,5953,45,0,2418,232,3258
2024-01-19,Friday,January,3,6010,12,0,2526,244,3228
2024-01-20,Saturday,January,3,11993,13,0,653,4169,7158
2024-01-21,Sunday,January,3,3818,482,0,0,18,3318
2024-01-22,Monday,January,4,2312,7,0,2291,0,14
2024-01-23,Tuesday,January,4,5714,34,2,2559,7,3112
2024-01-24,Wednesday,January,4,6336,15,0,2452,404,3465
2024-01-25,Thursday,January,4,5546,40,0,2213,0,3293
2024-01-26,Friday,January,4,6766,0,0,2301,210,4255
2024-01-27,Saturday,January,4,36428,20,10,4539,12400,19459
2024-01-28,Sunday,January,4,21235,13,0,33,2932,18257
2024-01-29,Monday,January,5,3607,56,0,2446,941,164
2024-01-30,Tuesday,January,5,5969,4,7,2506,0,3452
2024-01-31,Wednesday,January,5,6585,44,9,2528,298,3706
2024-02-01,Thursday,February,5,6236,48,32,2369,0,3787
2024-02-02,Friday,February,5,5881,86,0,2522,0,3273
2024-02-03,Saturday,February,5,13163,2665,0,1359,5466,3673
2024-02-04,Sunday,February,5,14419,91,0,21,3092,11215
2024-02-05,Monday,February,6,2822,0,0,2391,289,142
2024-02-06,Tuesday,February,6,5573,30,4,2283,0,3256
2024-02-07,Wednesday,February,6,6347,23,0,1782,833,3709
2024-02-08,Thursday,February,6,7263,28,0,2470,0,4765
2024-02-09,Friday,February,6,11121,11,0,31,7575,3504
2024-02-10,Saturday,February,6,21679,46,0,965,5058,15610
2024-02-11,Sunday,February,6,10573,68,0,3,6,10496
2024-02-12,Monday,February,7,6532,0,29,3344,0,3159
2024-02-13,Tuesday,February,7,8998,67,0,11,3495,5425
2024-02-14,Wednesday,February,7,4167,6,0,11,0,4150
2024-02-15,Thursday,February,7,10309,82,4,2267,0,7956
2024-02-16,Friday,February,7,5962,17,0,7,1859,4079
2024-02-17,Saturday,February,7,12443,110,0,96,3459,8778
2024-02-18,Sunday,February,7,8036,1741,4,51,22,6218
2024-02-19,Monday,February,8,21160,0,0,1953,7763,11444
2024-02-20,Tuesday,February,8,2755,93,0,2350,0,312
2024-02-21,Wednesday,February,8,5128,30,0,1,4,5093
2024-02-22,Thursday,February,8,9666,2,0,2376,0,7288
2024-02-23,Friday,February,8,4786,234,0,8,0,4544
2024-02-24,Saturday,February,8,8154,38,0,66,352,7698
2024-02-25,Sunday,February,8,7488,2122,0,25,2485,2856
2024-02-26,Monday,February,9,3164,0,0,2347,91,726
2024-02-27,Tuesday,February,9,6285,138,0,2295,0,3852
2024-02-28,Wednesday,February,9,14408,1553,5,3316,1107,8427
2024-02-29,Thursday,February,9,16720,0,4582,1330,1692,9116
2024-03-01,Friday,March,9,18890,0,1114,4680,5095,8001
2024-03-02,Saturday,March,9,10763,592,10,2158,1464,6539
2024-03-03,Sunday,March,9,29474,1868,1462,3774,9455,12915
2024-03-04,Monday,March,10,15104,0,5,5012,0,10087
2024-03-05,Tuesday,March,10,15558,0,2122,1628,0,11808
2024-03-06,Wednesday,March,10,18053,3590,1278,3091,1758,8336
2024-03-07,Thursday,March,10,23052,0,5465,1267,5569,10751
2024-03-08,Friday,March,10,18667,2,2594,13469,1532,1070
2024-03-09,Saturday,March,10,2272,2,111,324,478,1357
2024-03-10,Sunday,March,10,10726,34,5,702,2121,7864
2024-03-11,Monday,March,11,4099,342,0,2259,818,680
2024-03-12,Tuesday,March,11,7904,5,12,2616,589,4682
2024-03-13,Wednesday,March,11,6389,0,0,2406,532,3451
2024-03-14,Thursday,March,11,5486,0,0,2281,0,3205
2024-03-15,Friday,March,11,5992,29,0,2478,0,3485
2024-03-16,Saturday,March,11,10098,2332,1,324,4546,2895
2024-03-17,Sunday,March,11,6025,71,0,592,1219,4143
2024-03-18,Monday,March,12,5815,22,4055,1416,4,318
2024-03-19,Tuesday,March,12,7783,0,16,2352,0,5415
2024-03-20,Wednesday,March,12,5869,10,7,2401,0,3451
2024-03-21,Thursday,March,12,6553,29,34,2281,0,4209
2024-03-22,Friday,March,12,5791,46,0,2665,0,3080
2024-03-23,Saturday,March,12,14663,65,11,674,2996,10917
2024-03-24,Sunday,March,12,6205,43,0,11,122,6029
2024-03-25,Monday,March,13,6336,124,0,2569,0,3643
2024-03-26,Tuesday,March,13,5804,34,0,2482,0,3288
2024-03-27,Wednesday,March,13,6140,92,1134,1657,0,3257
2024-03-28,Thursday,March,13,5098,0,0,3141,2,1955
2024-03-29,Friday,March,13,9804,7,3,9,1246,8539
2024-03-30,Saturday,March,13,3866,136,158,1379,66,2127
2024-03-31,Sunday,March,13,12909,680,1582,6109,1639,2899
2024-04-01,Monday,April,14,1991,943,711,235,0,102
2024-04-02,Tuesday,April,14,2585,1332,566,393,294,0
2024-04-03,Wednesday,April,14,2886,20,2,0,0,2864
2024-04-04,Thursday,April,14,4290,514,519,695,0,2562
2024-04-05,Friday,April,14,4812,29,203,1071,842,2667
2024-04-06,Saturday,April,14,8666,1607,1467,2634,0,2958
2024-04-07,Sunday,April,14,2047,294,276,1138,232,107
2024-04-08,Monday,April,15,9038,1907,906,73,182,5970
2024-04-09,Tuesday,April,15,5213,3812,5,0,86,1310
2024-04-10,Wednesday,April,15,6804,0,19,2387,0,4398
2024-04-11,Thursday,April,15,5492,4,812,1413,0,3263
2024-04-12,Friday,April,15,7925,4,0,2309,851,4761
2024-04-13,Saturday,April,15,7591,30,0,22,2465,5074
2024-04-14,Sunday,April,15,7858,611,0,8,38,7201
2024-04-15,Monday,April,16,10696,4,26,2327,0,8339
2024-04-16,Tuesday,April,16,6110,151,27,2344,0,3588
2024-04-17,Wednesday,April,16,13751,81,417,5239,2169,5845
2024-04-18,Thursday,April,16,5973,14,210,2186,0,3563
2024-04-19,Friday,April,16,11091,7,1888,830,13,8353
2024-04-20,Saturday,April,16,17417,343,0,3158,3482,10434
2024-04-21,Sunday,April,16,9649,294,0,14,2694,6647
2024-04-22,Monday,April,17,3796,53,0,2252,0,1491
2024-04-23,Tuesday,April,17,9843,34,14,2441,0,7354
2024-04-24,Wednesday,April,17,5748,0,0,2373,0,3375
2024-04-25,Thursday,April,17,7216,0,9,2558,0,4649
2024-04-26,Friday,April,17,5712,24,9,3042,0,2637
2024-04-27,Saturday,April,17,4089,0,0,0,2051,2038
2024-04-28,Sunday,April,17,10849,170,0,2,1538,9139
2024-04-29,Monday,April,18,8197,0,1910,568,0,5719
2024-04-30,Tuesday,April,18,6127,0,8,2299,97,3723
2024-05-01,Wednesday,May,18,6231,0,935,1891,0,3405
2024-05-02,Thursday,May,18,9399,0,7,2510,0,6882
2024-05-03,Friday,May,18,6959,28,2149,1378,0,3404
2024-05-04,Saturday,May,18,13801,0,34,103,4264,9400
2024-05-05,Sunday,May,18,4127,49,0,12,2983,1083
2024-05-06,Monday,May,19,15496,65,14,2485,0,12932
2024-05-07,Tuesday,May,19,6762,74,18,2307,0,4363
2024-05-08,Wednesday,May,19,8883,0,2246,1688,0,4949
2024-05-09,Thursday,May,19,11765,41,0,2394,25,9305
2024-05-10,Friday,May,19,6880,0,2096,1604,3,3177
2024-05-11,Saturday,May,19,10830,26,47,1847,408,8502
2024-05-12,Sunday,May,19,5021,55,30,4,24,4908
2024-05-13,Monday,May,20,5515,22,0,2356,0,3137
2024-05-14,Tuesday,May,20,6077,106,19,2412,0,3540
2024-05-15,Wednesday,May,20,5937,0,9,2600,0,3328
2024-05-16,Thursday,May,20,6294,78,508,2003,0,3705
2024-05-17,Friday,May,20,7013,50,2214,1691,0,3058
2024-05-18,Saturday,May,20,14598,38,4,2076,739,11741
2024-05-19,Sunday,May,20,13288,415,0,2625,3950,6298
2024-05-20,Monday,May,21,4018,27,6,2659,0,1326
2024-05-21,Tuesday,May,21,5893,0,484,1880,0,3529
2024-05-22,Wednesday,May,21,6285,51,28,2563,0,3643
2024-05-23,Thursday,May,21,7338,15,0,2976,0,4347
2024-05-24,Friday,May,21,12483,3385,2218,1360,0,5520
2024-05-25,Saturday,May,21,11199,49,17,2162,2842,6129
2024-05-26,Sunday,May,21,1915,117,526,825,173,274
2024-05-27,Monday,May,22,631,44,28,334,6,219
2024-05-28,Tuesday,May,22,6556,4,128,999,520,4905
2024-05-29,Wednesday,May,22,8145,36,2520,446,0,5143
2024-05-30,Thursday,May,22,6890,71,1458,1013,0,4348
2024-05-31,Friday,May,22,6954,39,2032,1592,0,3291
2024-06-01,Saturday,June,22,10828,142,15,2656,1707,6308
2024-06-02,Sunday,June,22,13819,143,18,3389,2885,7384
2024-06-03,Monday,June,23,2764,109,7,717,3,1928
2024-06-04,Tuesday,June,23,6356,0,1917,1115,0,3324
2024-06-05,Wednesday,June,23,11985,55,21,2364,0,9545
2024-06-06,Thursday,June,23,6699,17,1810,1442,9,3421
2024-06-07,Friday,June,23,8581,665,2084,1939,0,3893
2024-06-08,Saturday,June,23,11588,56,0,1834,5522,4176
2024-06-09,Sunday,June,23,12242,20,0,20,2391,9811
2024-06-10,Monday,June,24,6688,79,810,1447,0,4352
2024-06-11,Tuesday,June,24,6799,74,2032,1884,3,2806
2024-06-12,Wednesday,June,24,5218,16,1269,1106,0,2827
2024-06-13,Thursday,June,24,6040,13,1760,1168,0,3099
2024-06-14,Friday,June,24,7183,67,0,2548,326,4242
2024-06-15,Saturday,June,24,18827,17,0,2221,818,15771
2024-06-16,Sunday,June,24,6964,62,371,0,1201,5330
2024-06-17,Monday,June,25,4379,3,183,926,0,3267
2024-06-18,Tuesday,June,25,10395,92,0,2857,0,7446
2024-06-19,Wednesday,June,25,16072,420,4,34,5185,10429
2024-06-20,Thursday,June,25,10492,1792,0,3112,17,5571
2024-06-21,Friday,June,25,7949,157,1885,1741,2,4164
2024-06-22,Saturday,June,25,9612,0,291,1088,3273,4960
2024-06-23,Sunday,June,25,12516,474,514,365,733,10430
2024-06-24,Monday,June,26,14249,26,0,770,282,13171
2024-06-25,Tuesday,June,26,7865,52,424,1015,0,6374
2024-06-26,Wednesday,June,26,6208,66,10,2990,2,3140
2024-06-27,Thursday,June,26,14815,2890,1106,2748,2327,5744
2024-06-28,Friday,June,26,17401,0,1346,4927,1757,9371
2024-06-29,Saturday,June,26,10500,0,1379,3942,2300,2879
2024-06-30,Sunday,June,26,12811,0,0,4319,5619,2873
2024-07-01,Monday,July,27,8379,1223,7024,92,0,40
2024-07-02,Tuesday,July,27,19817,4193,4225,2890,0,8509
2024-07-03,Wednesday,July,27,14651,5,2494,7445,1328,3379
2024-07-04,Thursday,July,27,16622,4,3035,1983,623,10977
2024-07-05,Friday,July,27,24580,6,2626,1088,923,19937
2024-07-06,Saturday,July,27,11536,371,180,754,57,10174
2024-07-07,Sunday,July,27,22303,901,1121,5739,10280,4262
2024-07-08,Monday,July,28,19349,796,7156,8,7712,3677
2024-07-09,Tuesday,July,28,19046,310,7114,17,7903,3702
2024-07-10,Wednesday,July,28,18206,560,6836,4,6111,4695
2024-07-11,Thursday,July,28,8040,912,1537,630,2760,2201
2024-07-12,Friday,July,28,10956,406,431,3664,5131,1324
2024-07-13,Saturday,July,28,7861,460,430,1099,1643,4229
2024-07-14,Sunday,July,28,15469,69,12,27,2089,13272
2024-07-15,Monday,July,29,7977,6,438,1475,0,6058
2024-07-16,Tuesday,July,29,8001,73,21,2513,0,5394
2024-07-17,Wednesday,July,29,7856,26,3,2458,0,5369
2024-07-18,Thursday,July,29,6015,30,2380,156,0,3449
2024-07-19,Friday,July,29,7648,8,2247,1681,2,3710
2024-07-20,Saturday,July,29,16825,48,935,2346,6395,7101
2024-07-21,Sunday,July,29,8198,26,0,65,3698,4409
2024-07-22,Monday,July,30,9982,94,2,2494,0,7392
2024-07-23,Tuesday,July,30,8623,48,2389,1412,1542,3232
2024-07-24,Wednesday,July,30,7174,37,1889,1192,445,3611
2024-07-25,Thursday,July,30,7445,5,1664,1435,0,4341
2024-07-26,Friday,July,30,6506,14,2099,1589,14,2790
2024-07-27,Saturday,July,30,16591,67,1931,1025,6725,6843
2024-07-28,Sunday,July,30,14673,24,0,0,4461,10188
2024-07-29,Monday,July,31,6153,5,0,2902,0,3246
2024-07-30,Tuesday,July,31,8907,24,1288,1755,0,5840
2024-07-31,Wednesday,July,31,9109,23,1934,1180,4,5968
2024-08-01,Thursday,August,31,8883,45,1472,1247,0,6119
2024-08-02,Friday,August,31,10346,0,2418,1814,0,6114
2024-08-03,Saturday,August,31,15114,0,259,2911,5919,6025
2024-08-04,Sunday,August,31,10941,81,0,823,1113,8924
2024-08-05,Monday,August,32,5818,0,867,1497,3,3451
2024-08-06,Tuesday,August,32,8236,39,0,3039,0,5158
2024-08-07,Wednesday,August,32,13524,69,0,2971,0,10484
2024-08-08,Thursday,August,32,10995,882,0,2939,0,7174
2024-08-09,Friday,August,32,9933,30,1923,2070,0,5910
2024-08-10,Saturday,August,32,17802,31,274,5159,1104,11234
2024-08-11,Sunday,August,32,9770,115,1396,1166,1569,5524
2024-08-12,Monday,August,33,7836,0,3,2467,504,4862
2024-08-13,Tuesday,August,33,8011,5,509,1752,2,5743
2024-08-14,Wednesday,August,33,8511,30,1472,974,0,6035
2024-08-15,Thursday,August,33,11165,57,491,1965,0,8652
2024-08-16,Friday,August,33,10050,58,2088,1451,0,6453
2024-08-17,Saturday,August,33,21223,13,0,1724,6126,13360
2024-08-18,Sunday,August,33,16285,70,0,2502,3919,9794
2024-08-19,Monday,August,34,3174,4,10,2357,0,803
2024-08-20,Tuesday,August,34,8570,65,0,2475,1921,4109
2024-08-21,Wednesday,August,34,5757,2,0,2273,0,3482
2024-08-22,Thursday,August,34,4442,35,0,10,48,4349
2024-08-23,Friday,August,34,12004,25,2473,1753,0,7753
2024-08-24,Saturday,August,34,17243,48,21,2757,3600,10817
2024-08-25,Sunday,August,34,6543,0,0,0,335,6208
2024-08-26,Monday,August,35,17554,2255,5146,948,3880,5325
2024-08-27,Tuesday,August,35,8469,4442,3505,0,18,504
2024-08-28,Wednesday,August,35,14906,3554,3058,677,420,7197
2024-08-29,Thursday,August,35,12031,2253,2369,2109,0,5300
2024-08-30,Friday,August,35,14790,0,3147,131,2743,8769
2024-08-31,Saturday,August,35,18982,0,3170,5742,1921,8149
2024-09-01,Sunday,September,35,10342,32,7,1930,4670,3703
2024-09-02,Monday,September,36,12777,17,603,2859,3784,5514
2024-09-03,Tuesday,September,36,2501,0,0,1840,38,623
2024-09-04,Wednesday,September,36,10449,93,103,2354,2926,4973
2024-09-05,Thursday,September,36,7513,66,1883,626,0,4938
2024-09-06,Friday,September,36,9540,13,2188,100,0,7239
2024-09-07,Saturday,September,36,14111,27,665,2015,3655,7749
2024-09-08,Sunday,September,36,14839,3030,0,0,17,11792
2024-09-09,Monday,September,37,14813,261,1895,1617,983,10057
2024-09-10,Tuesday,September,37,7657,52,0,2072,519,5014
2024-09-11,Wednesday,September,37,8411,65,1805,2010,3,4528
2024-09-12,Thursday,September,37,12820,40,2027,782,1027,8944
2024-09-13,Friday,September,37,8863,47,1017,1782,253,5764
2024-09-14,Saturday,September,37,30174,1420,4,2576,3410,22764
2024-09-15,Sunday,September,37,5883,37,0,12,2575,3259
2024-09-16,Monday,September,38,7692,42,1958,462,73,5157
2024-09-17,Tuesday,September,38,7204,159,0,33,4,7008
2024-09-18,Wednesday,September,38,10929,90,0,5,3,10831
2024-09-19,Thursday,September,38,16398,41,0,0,10,16347
2024-09-20,Friday,September,38,7487,0,0,1902,1052,4533
2024-09-21,Saturday,September,38,16647,265,2182,1006,565,12629
2024-09-22,Sunday,September,38,13241,0,1,3010,2867,7363
2024-09-23,Monday,September,39,3335,442,0,1331,549,1013
2024-09-24,Tuesday,September,39,9162,59,11,2664,0,6428
2024-09-25,Wednesday,September,39,9283,28,12,21,13,9209
2024-09-26,Thursday,September,39,15907,20,0,3538,2440,9909
2024-09-27,Friday,September,39,10115,12,0,9,2306,7788
2024-09-28,Saturday,September,39,13806,2398,54,2329,3476,5549
2024-09-29,Sunday,September,39,12207,17,264,6737,2855,2334
2024-09-30,Monday,September,40,8170,305,381,565,1311,5608
2024-10-01,Tuesday,October,40,8858,40,0,3237,0,5581
2024-10-02,Wednesday,October,40,13036,42,0,3347,4,9643
2024-10-03,Thursday,October,40,13124,38,1839,1486,1225,8536
2024-10-04,Friday,October,40,12040,59,2221,2153,846,6761
2024-10-05,Saturday,October,40,13704,45,70,977,107,12505
2024-10-06,Sunday,October,40,13551,90,0,6,2591,10864
2024-10-07,Monday,October,41,9638,96,2,16,24,9500
2024-10-08,Tuesday,October,41,12125,225,0,3080,1316,7504
2024-10-09,Wednesday,October,41,12409,105,2,3996,611,7695
2024-10-10,Thursday,October,41,12766,70,379,3022,1015,8280
2024-10-11,Friday,October,41,12011,51,0,3269,2044,6647
2024-10-12,Saturday,October,41,19034,70,42,2849,1071,15002
2024-10-13,Sunday,October,41,6266,0,252,14,0,6000
2024-10-14,Monday,October,42,6482,335,0,1715,0,4432
2024-10-15,Tuesday,October,42,10811,33,4,3207,0,7567
2024-10-16,Wednesday,October,42,10364,36,0,3387,0,6941
2024-10-17,Thursday,October,42,12337,88,0,3326,0,8923
2024-10-18,Friday,October,42,16970,75,469,4497,4748,7181
2024-10-19,Saturday,October,42,27950,58,0,4237,14065,9590
2024-10-20,Sunday,October,42,5269,76,0,696,2950,1547
2024-10-21,Monday,October,43,15198,62,2079,2908,0,10149
2024-10-22,Tuesday,October,43,12310,74,0,3114,1223,7899
2024-10-23,Wednesday,October,43,12301,84,6,3343,1134,7734
2024-10-24,Thursday,October,43,10110,144,0,1477,1699,6790
2024-10-25,Friday,October,43,10508,20,0,3386,1,7101
2024-10-26,Saturday,October,43,19956,28,5,5315,5411,9197
2024-10-27,Sunday,October,43,7732,1526,0,6,205,5995
2024-10-28,Monday,October,44,11388,1096,4,3102,0,7186
2024-10-29,Tuesday,October,44,8644,59,0,1815,1367,5403
2024-10-30,Wednesday,October,44,10475,5,4,3241,4,7221
2024-10-31,Thursday,October,44,12948,52,0,3077,1312,8507
2024-11-01,Friday,November,44,10776,0,0,2328,2556,5892
2024-11-02,Saturday,November,44,16580,137,174,2533,3059,10677
2024-11-03,Sunday,November,44,19029,990,0,2224,4896,10919
2024-11-04,Monday,November,45,13755,0,53,4052,1146,8504
2024-11-05,Tuesday,November,45,14715,0,19,3775,1573,9348
2024-11-06,Wednesday,November,45,10865,74,0,428,2848,7515
2024-11-07,Thursday,November,45,13252,36,0,3496,0,9720
2024-11-08,Friday,November,45,11478,56,2221,2840,11,6350
2024-11-09,Saturday,November,45,12185,717,0,2634,1161,7673
2024-11-10,Sunday,November,45,9941,26,0,134,657,9124
2024-11-11,Monday,November,46,14075,58,0,3640,0,10377
2024-11-12,Tuesday,November,46,12814,40,4,3792,1795,7183
2024-11-13,Wednesday,November,46,11017,78,14,3776,13,7136
2024-11-14,Thursday,November,46,12200,96,0,3290,469,8345
2024-11-15,Friday,November,46,14005,25,4792,2492,46,6650
2024-11-16,Saturday,November,46,14798,91,10,5562,798,8337
2024-11-17,Sunday,November,46,7239,113,0,7,275,6844
2024-11-18,Monday,November,47,10398,38,0,3360,0,7000
2024-11-19,Tuesday,November,47,10501,57,0,3176,0,7268
2024-11-20,Wednesday,November,47,11483,138,0,3300,920,7125
2024-11-21,Thursday,November,47,11595,101,0,2728,1440,7326
2024-11-22,Friday,November,47,17875,176,4659,3018,27,9995
2024-11-23,Saturday,November,47,12978,350,0,2330,1992,8306
2024-11-24,Sunday,November,47,25678,17,0,2565,9413,13683
2024-11-25,Monday,November,48,8694,14,0,3309,869,4502
2024-11-26,Tuesday,November,48,10801,109,0,2528,809,7355
2024-11-27,Wednesday,November,48,10238,80,0,1909,1443,6806
2024-11-28,Thursday,November,48,15897,190,0,56,3302,12349
2024-11-29,Friday,November,48,17086,130,0,323,4242,12391
2024-11-30,Saturday,November,48,16810,16,0,331,6481,9982
2024-12-01,Sunday,December,48,7055,285,0,16,1215,5539
2024-12-02,Monday,December,49,16173,273,0,3282,629,11989
2024-12-03,Tuesday,December,49,11332,105,0,3213,1054,6960
2024-12-04,Wednesday,December,49,11153,99,0,3486,8,7560
2024-12-05,Thursday,December,49,9999,58,0,3271,940,5730
2024-12-06,Friday,December,49,14271,32,0,2117,2747,9375
2024-12-07,Saturday,December,49,15737,3144,0,2377,839,9377
2024-12-08,Sunday,December,49,21406,0,0,877,11039,9490
2024-12-09,Monday,December,50,5758,0,14,3368,0,2376
2024-12-10,Tuesday,December,50,13237,72,0,3279,1511,8375
2024-12-11,Wednesday,December,50,11306,85,0,1970,2608,6643
2024-12-12,Thursday,December,50,12846,80,0,3748,1222,7796
2024-12-13,Friday,December,50,15265,56,2232,2448,593,9936
2024-12-14,Saturday,December,50,20952,592,0,2429,3175,14756
2024-12-15,Sunday,December,50,4324,474,31,569,257,2993
2024-12-16,Monday,December,51,4432,0,0,2,175,4255
2024-12-17,Tuesday,December,51,16738,144,0,1855,2407,12332
2024-12-18,Wednesday,December,51,14534,70,0,3430,1655,9379
2024-12-19,Thursday,December,51,10674,41,6,3776,3,6848
2024-12-20,Friday,December,51,14793,100,0,4251,1342,9100
2024-12-21,Saturday,December,51,13891,38,0,3048,2765,8040
2024-12-22,Sunday,December,51,41760,17,671,9424,14658,16990
2024-12-23,Monday,December,52,8616,5,0,0,279,8332
2024-12-24,Tuesday,December,52,14584,12,0,335,208,14029
2024-12-25,Wednesday,December,52,10544,45,5,1087,4241,5166
2024-12-26,Thursday,December,52,3143,0,0,1833,535,775
2024-12-27,Friday,December,52,14568,0,15,4819,1200,8534
2024-12-28,Saturday,December,52,21627,80,0,882,8228,12437
2024-12-29,Sunday,December,52,3901,24,14,288,1911,1664
2024-12-30,Monday,December,1,3559,0,486,813,969,1291
2024-12-31,Tuesday,December,1,14087,55,3,795,1058,12176
2025-01-01,Wednesday,January,1,11354,548,0,3336,6565,905
2025-01-02,Thursday,January,1,8422,0,0,380,2376,5666
2025-01-03,Friday,January,1,17143,2365,5,795,22,13956
2025-01-04,Saturday,January,1,22217,34,4,4474,2243,15462
2025-01-05,Sunday,January,1,18416,14,6,2931,3949,11516
2025-01-06,Monday,January,2,6037,4,0,10,0,6023
2025-01-07,Tuesday,January,2,14560,61,0,4092,919,9488
2025-01-08,Wednesday,January,2,10640,43,0,3399,1110,6088
2025-01-09,Thursday,January,2,12255,10,0,3197,0,9048
2025-01-10,Friday,January,2,7930,79,0,11,2,7838
2025-01-11,Saturday,January,2,17496,2425,0,1151,1244,12676
2025-01-12,Sunday,January,2,16806,6,0,3941,5003,7856
2025-01-13,Monday,January,3,6476,9,0,3426,28,3013
2025-01-14,Tuesday,January,3,13026,4,0,3234,0,9788
2025-01-15,Wednesday,January,3,14421,50,5,4063,1965,8338
2025-01-16,Thursday,January,3,11117,44,0,40,3666,7367
2025-01-17,Friday,January,3,8242,103,0,0,18,8121
2025-01-18,Saturday,January,3,22562,34,0,4723,4620,13185
2025-01-19,Sunday,January,3,12918,112,0,5115,2506,5185
2025-01-20,Monday,January,4,5581,16,0,12,773,4780
2025-01-21,Tuesday,January,4,11490,2099,0,3377,1672,4342
2025-01-22,Wednesday,January,4,12644,78,0,3362,1878,7326
2025-01-23,Thursday,January,4,28206,136,3919,965,2758,20428
2025-01-24,Friday,January,4,7053,34,0,1772,0,5247
2025-01-25,Saturday,January,4,20377,6811,26,4537,3720,5283
2025-01-26,Sunday,January,4,5876,158,0,12,11,5695
2025-01-27,Monday,January,5,21126,30,3458,2868,785,13985
2025-01-28,Tuesday,January,5,11809,0,17,3398,1184,7210
2025-01-29,Wednesday,January,5,11668,21,11,3618,1426,6592
2025-01-30,Thursday,January,5,14520,1216,3483,2827,825,6169
2025-01-31,Friday,January,5,10687,2060,0,2377,2287,3963
2025-02-01,Saturday,February,5,17166,20,0,1169,5034,10943
2025-02-02,Sunday,February,5,5402,109,0,9,10,5274
2025-02-03,Monday,February,6,16624,153,3795,2669,1067,8940
2025-02-04,Tuesday,February,6,8837,0,0,3390,1269,4178
2025-02-05,Wednesday,February,6,14349,66,0,3779,916,9588
2025-02-06,Thursday,February,6,12454,56,0,3556,0,8842
2025-02-07,Friday,February,6,12836,40,12,3875,1175,7734
2025-02-08,Saturday,February,6,19894,6501,0,4151,3801,5441
2025-02-09,Sunday,February,6,13257,1630,0,10,533,11084
2025-02-10,Monday,February,7,10574,0,3484,3066,743,3281
2025-02-11,Tuesday,February,7,8976,54,0,3863,531,4528
2025-02-12,Wednesday,February,7,12082,33,0,4078,836,7135
2025-02-13,Thursday,February,7,17350,41,2640,4311,1533,8825
2025-02-14,Friday,February,7,14101,0,16,6559,2130,5396
2025-02-15,Saturday,February,7,27204,1938,0,3844,4792,16630
2025-02-16,Sunday,February,7,15021,23,17,0,4500,10481
2025-02-17,Monday,February,8,11412,33,0,4272,6761,346
2025-02-18,Tuesday,February,8,12351,13,0,6296,1297,4745
2025-02-19,Wednesday,February,8,7932,11,0,3339,13,4569
2025-02-20,Thursday,February,8,16145,3667,0,6191,480,5807
2025-02-21,Friday,February,8,12429,5,25,6754,718,4927
2025-02-22,Saturday,February,8,17446,25,6,4411,3036,9968
2025-02-23,Sunday,February,8,10132,3506,4,0,5116,1506
2025-02-24,Monday,February,9,12106,20,0,6106,547,5433
2025-02-25,Tuesday,February,9,9059,36,7,3560,1230,4226
2025-02-26,Wednesday,February,9,13225,72,0,4446,586,8121
2025-02-27,Thursday,February,9,13087,48,3,3746,972,8318
2025-02-28,Friday,February,9,12076,47,9,3860,1443,6717
2025-03-01,Saturday,March,9,29805,3569,0,2704,7026,16506
2025-03-02,Sunday,March,9,16617,54,0,258,2102,14203
2025-03-03,Monday,March,10,9863,3,0,6791,795,2274
2025-03-04,Tuesday,March,10,9474,55,0,4029,732,4658
2025-03-05,Wednesday,March,10,17707,26,7,7047,971,9656
2025-03-06,Thursday,March,10,10281,374,4,8,1676,8219
2025-03-07,Friday,March,10,11758,0,558,3257,2394,5549
2025-03-08,Saturday,March,10,8387,0,227,3632,1092,3436
2025-03-09,Sunday,March,10,11647,0,771,2896,3405,4575
2025-03-10,Monday,March,11,8765,61,837,538,3344,3985
2025-03-11,Tuesday,March,11,15837,21,0,6925,973,7918
2025-03-12,Wednesday,March,11,12529,2,4665,3316,1438,3108
2025-03-13,Thursday,March,11,14834,10,9,7060,1272,6483
2025-03-14,Friday,March,11,10959,9,4565,2882,792,2711
2025-03-15,Saturday,March,11,21209,613,0,4465,4103,12028
2025-03-16,Sunday,March,11,17699,0,0,1907,5912,9880
2025-03-17,Monday,March,12,19232,0,69,7558,1138,10467
2025-03-18,Tuesday,March,12,9861,9,0,124,8,9720
2025-03-19,Wednesday,March,12,14582,0,10,6915,1394,6263
2025-03-20,Thursday,March,12,10996,0,3962,2057,1280,3697
2025-03-21,Friday,March,12,12300,0,4437,2821,1092,3950
2025-03-22,Saturday,March,12,26143,5275,0,4144,4567,12157
2025-03-23,Sunday,March,12,12695,0,92,221,3168,9214
2025-03-24,Monday,March,13,10277,0,1626,5324,1660,1667
2025-03-25,Tuesday,March,13,13913,7,1476,5411,1182,5837
2025-03-26,Wednesday,March,13,12621,7,4532,2789,970,4323
2025-03-27,Thursday,March,13,13751,0,0,6961,971,5819
2025-03-28,Friday,March,13,13746,8,263,6967,1048,5460
2025-03-29,Saturday,March,13,23373,0,40,5211,6875,11247
2025-03-30,Sunday,March,13,4998,4,0,20,143,4831
2025-03-31,Monday,March,14,12917,0,1102,5818,1256,4741
2025-04-01,Tuesday,April,14,12733,0,19,7147,1632,3935
2025-04-02,Wednesday,April,14,15270,25,130,7592,966,6557
2025-04-03,Thursday,April,14,12647,5,763,6533,1002,4344
2025-04-04,Friday,April,14,12306,0,3951,2636,1017,4702
2025-04-05,Saturday,April,14,15011,0,35,4380,2422,8174
2025-04-06,Sunday,April,14,10668,8,0,195,5467,4998
2025-04-07,Monday,April,15,13553,0,1660,5582,1382,4929
2025-04-08,Tuesday,April,15,14986,0,4324,2680,2947,5035
2025-04-09,Wednesday,April,15,15284,4,2,4718,4018,6542
2025-04-10,Thursday,April,15,13817,0,2264,5171,1096,5286
2025-04-11,Friday,April,15,21100,52,22,8115,5912,6999
2025-04-12,Saturday,April,15,11967,0,348,2176,3437,6006
2025-04-13,Sunday,April,15,5664,12,726,91,327,4508
2025-04-14,Monday,April,16,7204,37,58,193,2082,4834
2025-04-15,Tuesday,April,16,14094,7,4580,2345,1636,5526
2025-04-16,Wednesday,April,16,12422,2,4213,3054,935,4218
2025-04-17,Thursday,April,16,25965,4,2986,4029,1954,16992
2025-04-18,Friday,April,16,18161,1,4180,1947,2936,9097
2025-04-19,Saturday,April,16,17999,21,0,4936,11045,1997
2025-04-20,Sunday,April,16,26248,883,0,3520,11447,10398
2025-04-21,Monday,April,17,10123,11,4302,2810,948,2052
2025-04-22,Tuesday,April,17,13429,0,3525,3478,899,5527
2025-04-23,Wednesday,April,17,16731,8,3942,3020,1340,8421
2025-04-24,Thursday,April,17,14229,3,481,6081,2924,4740
2025-04-25,Friday,April,17,23279,0,4213,4882,5204,8980
2025-04-26,Saturday,April,17,22358,15,58,4980,7054,10251
2025-04-27,Sunday,April,17,11997,0,0,296,5817,5884
2025-04-28,Monday,April,18,14270,0,6443,822,2709,4296
2025-04-29,Tuesday,April,18,21322,0,0,4248,8254,8820
2025-04-30,Wednesday,April,18,15904,0,1367,5899,1298,7340
2025-05-01,Thursday,May,18,14591,0,3994,5666,0,4931
2025-05-02,Friday,May,18,14933,0,4280,2455,2406,5792
2025-05-03,Saturday,May,18,25562,5656,0,4491,4859,10556
2025-05-04,Sunday,May,18,16540,2,17,4649,651,11221
2025-05-05,Monday,May,19,10161,3,2677,4307,1458,1716
2025-05-06,Tuesday,May,19,17622,0,4663,4811,1867,6281
2025-05-07,Wednesday,May,19,13158,16,1691,4984,1249,5218
2025-05-08,Thursday,May,19,15554,4,0,6962,1512,7076
2025-05-09,Friday,May,19,14617,5,4290,2637,1039,6646
2025-05-10,Saturday,May,19,12810,420,0,4175,4018,4197
2025-05-11,Sunday,May,19,24390,2026,6,0,6342,16016
2025-05-12,Monday,May,20,10289,7,825,6265,1260,1932
2025-05-13,Tuesday,May,20,11470,0,2137,4574,1075,3684
2025-05-14,Wednesday,May,20,12647,0,2725,4262,1046,4614
2025-05-15,Thursday,May,20,17463,0,3491,4094,1019,8859
2025-05-16,Friday,May,20,11895,18,4897,2320,532,4128
2025-05-17,Saturday,May,20,40533,2,7363,11779,9267,12122
2025-05-18,Sunday,May,20,11539,6,0,2374,296,8863
2025-05-19,Monday,May,21,13138,68,4236,2281,1806,4747
2025-05-20,Tuesday,May,21,13093,189,2675,4080,1130,5019
2025-05-21,Wednesday,May,21,16849,0,2174,4822,941,8912
2025-05-22,Thursday,May,21,11468,0,1274,5541,900,3753
2025-05-23,Friday,May,21,13709,0,4210,2544,1511,5444
2025-05-24,Saturday,May,21,23952,1009,0,4617,3050,15276
2025-05-25,Sunday,May,21,21510,5287,0,385,2050,13788
2025-05-26,Monday,May,22,23383,3033,0,4812,6317,9221
2025-05-27,Tuesday,May,22,12202,3,24,6609,1311,4255
2025-05-28,Wednesday,May,22,12602,0,4371,2804,1083,4344
2025-05-29,Thursday,May,22,13665,4,1861,5112,1047,5641
2025-05-30,Friday,May,22,12903,1,4264,2779,823,5036
2025-05-31,Saturday,May,22,18752,2,1087,5688,2878,9097
2025-06-01,Sunday,June,22,23172,6,0,165,11437,11564
2025-06-02,Monday,June,23,8870,0,4219,2660,1977,14
2025-06-03,Tuesday,June,23,15151,0,204,6955,1073,6919
2025-06-04,Wednesday,June,23,12551,16,686,6449,1148,4252
2025-06-05,Thursday,June,23,12039,0,2610,4361,1155,3913
2025-06-06,Friday,June,23,18067,75,3720,2600,1083,10589
2025-06-07,Saturday,June,23,32222,6770,995,6056,3431,14970
2025-06-08,Sunday,June,23,23924,1494,972,0,9855,11603
2025-06-09,Monday,June,24,14648,3063,3094,1203,539,6749
2025-06-10,Tuesday,June,24,13570,1666,3097,1983,454,6370
2025-06-11,Wednesday,June,24,12795,1894,2901,1377,461,6162
2025-06-12,Thursday,June,24,13835,1913,3118,805,375,7624
2025-06-13,Friday,June,24,20115,1956,3105,981,194,13879
2025-06-14,Saturday,June,24,5034,1934,754,130,1375,841
2025-06-15,Sunday,June,24,14498,1534,0,338,5529,7097
2025-06-16,Monday,June,25,13299,9,4366,2827,1491,4606
2025-06-17,Tuesday,June,25,13715,5,4145,4284,1618,3663
2025-06-18,Wednesday,June,25,16893,12,121,2729,0,14031
2025-06-19,Thursday,June,25,8994,28,0,177,2244,6545
2025-06-20,Friday,June,25,9021,42,40,16,52,8871
2025-06-21,Saturday,June,25,16793,4301,532,1035,1056,9869
2025-06-22,Sunday,June,25,14099,2746,7,16,306,11024
2025-06-23,Monday,June,26,9189,0,4396,2488,1374,931
2025-06-24,Tuesday,June,26,14369,0,2665,4640,1256,5808
2025-06-25,Wednesday,June,26,13165,3,406,6960,1406,4390
2025-06-26,Thursday,June,26,12627,0,3369,3710,1035,4513
2025-06-27,Friday,June,26,16219,5,2374,4809,1405,7626
2025-06-28,Saturday,June,26,18010,13,1235,5769,656,10337
2025-06-29,Sunday,June,26,16725,657,0,3299,4072,8697
2025-06-30,Monday,June,27,13039,64,769,4644,460,7102
2025-07-01,Tuesday,July,27,12404,100,878,3657,1358,6411
2025-07-02,Wednesday,July,27,12678,0,1026,1185,2405,8062
2025-07-03,Thursday,July,27,16201,0,282,6804,2608,6507
2025-07-04,Friday,July,27,6017,418,304,317,900,4078
2025-07-05,Saturday,July,27,6012,32,240,764,3083,1893
2025-07-06,Sunday,July,27,3537,404,0,2534,112,487
2025-07-07,Monday,July,28,13141,0,3733,3355,961,5092
2025-07-08,Tuesday,July,28,14560,2,814,6629,1050,6065
2025-07-09,Wednesday,July,28,13683,7,4381,2885,1816,4594
2025-07-10,Thursday,July,28,12750,5,2576,4499,1173,4497
2025-07-11,Friday,July,28,14858,31,4486,3121,1529,5691
2025-07-12,Saturday,July,28,22399,7,804,4748,6276,10564
2025-07-13,Sunday,July,28,10170,168,3,17,3480,6502
2025-07-14,Monday,July,29,14770,0,4483,2763,1068,6456
2025-07-15,Tuesday,July,29,16350,7,4472,2635,1405,7831
2025-07-16,Wednesday,July,29,14856,12,2529,5236,1522,5557
2025-07-17,Thursday,July,29,13639,0,4978,2456,1350,4855
2025-07-18,Friday,July,29,15291,0,4198,2855,1689,6549
2025-07-19,Saturday,July,29,21519,2969,20,5506,2837,10187
2025-07-20,Sunday,July,29,19612,3175,13,2412,50,13962
2025-07-21,Monday,July,30,9804,40,30,6883,1047,1804
2025-07-22,Tuesday,July,30,16514,0,2119,5764,1327,7304
2025-07-23,Wednesday,July,30,14995,0,151,7402,981,6461
2025-07-24,Thursday,July,30,14379,32,192,6868,1610,5677
2025-07-25,Friday,July,30,17854,7,4299,2717,1767,9064
2025-07-26,Saturday,July,30,29773,176,0,4561,8210,16826
2025-07-27,Sunday,July,30,2016,0,0,8,0,2008
2025-07-28,Monday,July,31,21147,0,241,9496,1168,10242
2025-07-29,Tuesday,July,31,13264,0,612,6833,2295,3524
2025-07-30,Wednesday,July,31,14317,0,4507,2665,1722,5423
2025-07-31,Thursday,July,31,16740,23,3977,3907,900,7933
2025-08-01,Friday,August,31,17991,2071,4107,699,2654,8460
2025-08-02,Saturday,August,31,9260,0,41,1237,2700,5282
2025-08-03,Sunday,August,31,13633,534,100,6825,2326,3848
2025-08-04,Monday,August,32,11294,0,3,6163,1810,3318
2025-08-05,Tuesday,August,32,18202,0,81,7862,1358,8901
2025-08-06,Wednesday,August,32,12383,2,30,6742,1378,4231
2025-08-07,Thursday,August,32,24460,4897,26,6500,1273,11764
2025-08-08,Friday,August,32,14611,4,11,3384,3956,7256
2025-08-09,Saturday,August,32,12834,27,68,439,1799,10501
2025-08-10,Sunday,August,32,14974,230,0,1949,8342,4453
2025-08-11,Monday,August,33,20521,22,4612,3522,763,11602
2025-08-12,Tuesday,August,33,13665,0,59,7159,988,5459
2025-08-13,Wednesday,August,33,13322,282,2,7007,1177,4854
2025-08-14,Thursday,August,33,12377,59,0,4722,339,7257
2025-08-15,Friday,August,33,8167,221,0,117,15,7814
2025-08-16,Saturday,August,33,19780,2947,0,4320,2113,10400
2025-08-17,Sunday,August,33,19352,392,0,3264,5916,9780
2025-08-18,Monday,August,34,10557,0,4249,4807,34,1467
2025-08-19,Tuesday,August,34,15883,174,6174,1500,282,7753
2025-08-20,Wednesday,August,34,17518,1808,2681,587,120,12322
2025-08-21,Thursday,August,34,13913,2025,2973,1160,397,7358
2025-08-22,Friday,August,34,6319,39,1105,64,1553,3558
2025-08-23,Saturday,August,34,14214,1984,71,1443,3516,7200
2025-08-24,Sunday,August,34,15298,24,0,1619,3665,9990
2025-08-25,Monday,August,35,16485,22,0,6197,386,9880
2025-08-26,Tuesday,August,35,18470,364,914,7209,1543,8440
2025-08-27,Wednesday,August,35,9907,3,8,2375,14,7507
2025-08-28,Thursday,August,35,17967,311,33,7045,1385,9193
2025-08-29,Friday,August,35,28801,128,0,7049,1277,20347
2025-08-30,Saturday,August,35,4232,0,0,786,835,2611
2025-08-31,Sunday,August,35,13017,544,0,2649,4563,5261
2025-09-01,Monday,September,36,23418,1586,11,2781,7278,11762
2025-09-02,Tuesday,September,36,11866,22,37,7045,394,4368
2025-09-03,Wednesday,September,36,13351,6,4154,2674,1622,4895
2025-09-04,Thursday,September,36,11091,13,0,60,20,10998
2025-09-05,Friday,September,36,19347,0,2118,4495,1351,11383
2025-09-06,Saturday,September,36,19009,19,0,5409,3495,10086
2025-09-07,Sunday,September,36,10773,11,0,3089,4955,2718
2025-09-08,Monday,September,37,18759,21,14,6845,1144,10735
2025-09-09,Tuesday,September,37,12545,0,1095,6237,1303,3910
2025-09-10,Wednesday,September,37,15043,60,1819,5641,1117,6406
2025-09-11,Thursday,September,37,12077,4218,0,1020,1037,5802
2025-09-12,Friday,September,37,18777,30,1334,4430,1436,11547
2025-09-13,Saturday,September,37,11482,0,7,2383,2831,6261
2025-09-14,Sunday,September,37,13257,21,27,2074,2382,8753
2025-09-15,Monday,September,38,20150,0,4537,3148,1218,11247
2025-09-16,Tuesday,September,38,23866,0,5608,2252,901,15105
2025-09-17,Wednesday,September,38,12310,0,5260,983,1195,4872
2025-09-18,Thursday,September,38,15682,0,4574,2363,1416,7329
2025-09-19,Friday,September,38,27775,2,4018,4967,5104,13684
2025-09-20,Saturday,September,38,11506,1008,9,4597,2835,3057
2025-09-21,Sunday,September,38,18360,189,5,5408,6425,6333
2025-09-22,Monday,September,39,18040,168,2375,4635,1355,9507
2025-09-23,Tuesday,September,39,13993,261,2852,4155,1085,5640
2025-09-24,Wednesday,September,39,13637,0,10,6930,799,5898
2025-09-25,Thursday,September,39,15902,12,2400,4580,2508,6402
2025-09-26,Friday,September,39,20765,3100,0,1387,4563,11715
2025-09-27,Saturday,September,39,22226,0,9,4497,10040,7680
2025-09-28,Sunday,September,39,4024,0,2,0,4010,12
2025-09-29,Monday,September,40,27583,12,23,7231,1046,19271
2025-09-30,Tuesday,September,40,20749,24,6,6855,1940,11924
2025-10-01,Wednesday,October,40,10330,13,106,5611,60,4540
2025-10-02,Thursday,October,40,8068,66,4445,360,115,3082
2025-10-03,Friday,October,40,6330,2042,4220,0,0,68
2025-10-04,Saturday,October,40,10663,50,5990,204,0,4419
2025-10-05,Sunday,October,40,16614,1206,1726,4499,957,8226
2025-10-06,Monday,October,41,10098,580,3923,5,0,5590
2025-10-07,Tuesday,October,41,13817,2512,3713,961,0,6631
2025-10-08,Wednesday,October,41,14822,376,4974,1999,356,7117
2025-10-09,Thursday,October,41,17100,4715,3575,890,1992,5928
2025-10-10,Friday,October,41,7278,2156,3,13,1557,3549
2025-10-11,Saturday,October,41,26834,0,4,35,7433,19362
2025-10-12,Sunday,October,41,9370,3,0,0,0,9367
2025-10-13,Monday,October,42,19283,28,20,7022,1059,11154
2025-10-14,Tuesday,October,42,14379,0,66,7636,1340,5337
2025-10-15,Wednesday,October,42,14978,0,0,6687,996,7295
2025-10-16,Thursday,October,42,12642,5,2647,4736,1514,3740
2025-10-17,Friday,October,42,16513,5,1548,2783,404,11773
2025-10-18,Saturday,October,42,17426,62,11,5095,1281,10977
2025-10-19,Sunday,October,42,18034,4754,0,5,6549,6726
2025-10-20,Monday,October,43,15392,8,0,6639,1845,6900
2025-10-21,Tuesday,October,43,14191,536,4280,2623,1567,5185
2025-10-22,Wednesday,October,43,13240,19,0,6780,718,5723
2025-10-23,Thursday,October,43,13663,0,0,7046,924,5693
2025-10-24,Friday,October,43,15212,3,1677,5847,35,7650
2025-10-25,Saturday,October,43,18745,12,20,2180,5806,10727
2025-10-26,Sunday,October,43,10691,756,0,0,7065,2870
2025-10-27,Monday,October,44,14737,0,19,7109,660,6949
2025-10-28,Tuesday,October,44,15448,49,4118,2521,2362,6398
2025-10-29,Wednesday,October,44,15642,0,61,7151,1139,7291
2025-10-30,Thursday,October,44,14802,2,0,7220,1134,6446
2025-10-31,Friday,October,44,12454,0,3905,3738,2492,2319
2025-11-01,Saturday,November,44,19229,3255,0,3110,4368,8496
2025-11-02,Sunday,November,44,18954,1553,0,6,7547,9848
2025-11-03,Monday,November,45,5443,78,0,1135,990,3240
2025-11-04,Tuesday,November,45,18567,14,0,7013,4012,7528
2025-11-05,Wednesday,November,45,12550,37,0,6626,1386,4501
2025-11-06,Thursday,November,45,14972,1603,4455,3024,1975,3915
2025-11-07,Friday,November,45,9373,1317,64,1112,1112,5768
2025-11-08,Saturday,November,45,24124,2596,0,4274,3540,13714
2025-11-09,Sunday,November,45,22720,3211,0,0,8,19501
2025-11-10,Monday,November,46,11470,28,0,6836,1155,3451
2025-11-11,Tuesday,November,46,11982,10,1297,5587,808,4280
2025-11-12,Wednesday,November,46,7251,112,0,1079,1715,4345
2025-11-13,Thursday,November,46,18023,22,2,6821,3428,7750
2025-11-14,Friday,November,46,19345,3965,4102,2738,1489,7051
2025-11-15,Saturday,November,46,22762,3712,2,2112,8486,8450
2025-11-16,Sunday,November,46,7082,181,0,6,24,6871
2025-11-17,Monday,November,47,17055,121,0,6362,1226,9346
2025-11-18,Tuesday,November,47,17473,23,0,6981,2170,8299
2025-11-19,Wednesday,November,47,17729,840,0,6159,1013,9717
2025-11-20,Thursday,November,47,15028,71,0,4303,100,10554
2025-11-21,Friday,November,47,20495,4,12,7648,1144,11687
2025-11-22,Saturday,November,47,17777,27,0,1837,3403,12510
2025-11-23,Sunday,November,47,6387,2,0,18,3199,3168
2025-11-24,Monday,November,48,13356,3224,2,5132,2584,2414
2025-11-25,Tuesday,November,48,13550,4,112,4949,1432,7053
2025-11-26,Wednesday,November,48,12570,73,0,1040,1362,10095
2025-11-27,Thursday,November,48,14191,3131,0,5331,3855,1874
2025-11-28,Friday,November,48,9962,0,0,12,3443,6507
2025-11-29,Saturday,November,48,19537,349,0,1472,5062,12654
2025-11-30,Sunday,November,48,15841,3772,0,12,79,11978
2025-12-01,Monday,December,49,17382,112,8,5212,2555,9495
2025-12-02,Tuesday,December,49,13320,15,1418,4057,2207,5623
2025-12-03,Wednesday,December,49,15448,20,0,6462,723,8243
2025-12-04,Thursday,December,49,18275,7,3945,3794,805,9724
2025-12-05,Friday,December,49,10784,2827,24,1123,484,6326
2025-12-06,Saturday,December,49,23569,3493,0,4075,3346,12655
2025-12-07,Sunday,December,49,11907,2401,0,2723,327,6456
2025-12-08,Monday,December,50,7411,182,0,1873,1690,3666
2025-12-09,Tuesday,December,50,17482,243,4,6599,934,9702
2025-12-10,Wednesday,December,50,12806,90,17,6198,1305,5196
2025-12-11,Thursday,December,50,10505,212,0,99,4141,6053
2025-12-12,Friday,December,50,13075,382,1946,1361,1642,7744
2025-12-13,Saturday,December,50,8214,3564,455,1429,90,2676
2025-12-14,Sunday,December,50,504,0,0,0,202,302
2025-12-15,Monday,December,51,6519,0,1602,798,1123,2996
2025-12-16,Tuesday,December,51,16572,9,0,6560,409,9594
2025-12-17,Wednesday,December,51,14397,2124,22,4551,904,6796
2025-12-18,Thursday,December,51,15464,63,0,6218,1139,8044
2025-12-19,Friday,December,51,15840,235,3995,2008,908,8694
2025-12-20,Saturday,December,51,7872,207,0,1557,2879,3229
2025-12-21,Sunday,December,51,18616,759,0,1265,5314,11278
2025-12-22,Monday,December,52,10786,49,0,11,4226,6500
2025-12-23,Tuesday,December,52,16285,11,0,74,2987,13213
2025-12-24,Wednesday,December,52,17794,0,0,4108,2758,10928
2025-12-25,Thursday,December,52,8667,15,0,4414,2228,2010
2025-12-26,Friday,December,52,15553,20,11,2116,788,12618
2025-12-27,Saturday,December,52,9895,147,0,4103,2272,3373
2025-12-28,Sunday,December,52,9282,15,0,37,2523,6707
2025-12-29,Monday,December,1,38604,0,66,13211,10637,14690
2025-12-30,Tuesday,December,1,18257,0,0,702,8839,8716
2025-12-31,Wednesday,December,1,13978,37,0,0,4669,9272
2026-01-01,Thursday,January,1,11712,14,0,4258,2125,5315
2026-01-02,Friday,January,1,8411,0,0,97,33,8281
2026-01-03,Saturday,January,1,15446,873,0,4036,1100,9437
2026-01-04,Sunday,January,1,13822,222,11,1122,3124,9343
2026-01-05,Monday,January,2,12796,0,0,6600,1083,5113
2026-01-06,Tuesday,January,2,11369,15,0,4623,1537,5194
2026-01-07,Wednesday,January,2,12539,0,10,5951,1584,4994
2026-01-08,Thursday,January,2,14108,0,33,6095,1660,6320
2026-01-09,Friday,January,2,11021,87,4313,780,2022,3819
2026-01-10,Saturday,January,2,22034,1741,0,3935,10139,6219
2026-01-11,Sunday,January,2,891,16,0,47,86,742
2026-01-12,Monday,January,3,9923,15,22,2211,0,7675
2026-01-13,Tuesday,January,3,16708,0,0,6498,1324,8886
2026-01-14,Wednesday,January,3,12553,0,0,6678,782,5093
2026-01-15,Thursday,January,3,11326,0,0,4179,1846,5301
2026-01-16,Friday,January,3,17392,0,4090,2496,43,10763
2026-01-17,Saturday,January,3,14016,7332,0,642,1033,5009
2026-01-18,Sunday,January,3,6796,0,0,177,1496,5123
2026-01-19,Monday,January,4,11371,0,482,0,2689,8200
2026-01-20,Tuesday,January,4,12000,11,0,2732,1935,7322
2026-01-21,Wednesday,January,4,12255,0,0,6242,958,5055
2026-01-22,Thursday,January,4,14478,1973,0,3112,2566,6827
2026-01-23,Friday,January,4,17315,2952,1100,5486,296,7481
2026-01-24,Saturday,January,4,12456,1341,0,1321,4332,5462
2026-01-25,Sunday,January,4,16839,73,0,0,6714,10052
2026-01-26,Monday,January,5,12332,22,0,8481,665,3164
2026-01-27,Tuesday,January,5,14393,36,0,5955,1072,7330
2026-01-28,Wednesday,January,5,12253,13,0,1142,6474,4624
2026-01-29,Thursday,January,5,12627,96,0,5892,1561,5078
2026-01-30,Friday,January,5,8227,0,0,953,966,6308
2026-01-31,Saturday,January,5,19303,426,0,4494,3934,10449
2026-02-01,Sunday,February,5,8087,30,0,1293,1090,5674
2026-02-02,Monday,February,6,9037,0,0,1811,1593,5633
2026-02-03,Tuesday,February,6,12974,11,0,6632,1112,5219
2026-02-04,Wednesday,February,6,13663,18,0,6916,647,6082
2026-02-05,Thursday,February,6,9553,0,0,3331,880,5342
2026-02-06,Friday,February,6,18205,28,0,1667,2269,14241
2026-02-07,Saturday,February,6,8673,51,0,26,3034,5562
2026-02-08,Sunday,February,6,9556,2829,13,11,23,6680
2026-02-09,Monday,February,7,10846,12,0,3558,2027,5249
2026-02-10,Tuesday,February,7,17215,1947,0,7121,1228,6919
2026-02-11,Wednesday,February,7,10210,14,65,2245,2472,5414
2026-02-12,Thursday,February,7,16047,2578,69,603,4071,8726
2026-02-13,Friday,February,7,19511,1840,1361,2397,4484,9429
2026-02-14,Saturday,February,7,12287,0,0,2277,8629,1381
2026-02-15,Sunday,February,7,8318,325,0,1518,5238,1237
2026-02-16,Monday,February,8,5966,436,0,0,1786,3744
2026-02-17,Tuesday,February,8,12408,15,113,3537,1132,7611
2026-02-18,Wednesday,February,8,6245,742,0,0,0,5503
2026-02-19,Thursday,February,8,11776,0,0,5039,1881,4856
2026-02-20,Friday,February,8,17260,4672,1343,3287,815,7143
2026-02-21,Saturday,February,8,19282,0,0,5420,2036,11826
2026-02-22,Sunday,February,8,14414,148,0,43,5664,8559
2026-02-23,Monday,February,9,8207,102,0,1876,2325,3904
2026-02-24,Tuesday,February,9,15088,13,0,2407,3822,8846
2026-02-25,Wednesday,February,9,15320,32,0,6524,1417,7347
2026-02-26,Thursday,February,9,10025,19,12,3478,1149,5367
2026-02-27,Friday,February,9,18289,2043,756,2858,3852,8780
2026-02-28,Saturday,February,9,8965,29,10,1632,3848,3446
2026-03-01,Sunday,March,9,8994,42,0,0,5081,3871
2026-03-02,Monday,March,10,15774,35,0,6652,1103,7984
2026-03-03,Tuesday,March,10,10070,100,1305,2441,1062,5162
2026-03-04,Wednesday,March,10,8222,739,0,2034,1935,3514
2026-03-05,Thursday,March,10,12230,11,0,2773,1103,8343
2026-03-06,Friday,March,10,11645,2048,0,3678,756,5163
2026-03-07,Saturday,March,10,26072,22,13,4154,4766,17117
2026-03-08,Sunday,March,10,10683,41,0,1354,1345,7943
2026-03-09,Monday,March,11,11020,0,0,2027,73,8920
2026-03-10,Tuesday,March,11,11216,0,0,3547,1018,6651
2026-03-11,Wednesday,March,11,11398,28,22,3177,2573,5598
2026-03-12,Thursday,March,11,11031,0,0,3837,522,6672
2026-03-13,Friday,March,11,7803,32,10,2053,1209,4499
2026-03-14,Saturday,March,11,16934,49,0,3428,4136,9321
2026-03-15,Sunday,March,11,14857,33,0,1048,1319,12457
2026-03-16,Monday,March,12,10145,0,0,35,0,10110
2026-03-17,Tuesday,March,12,18259,0,3447,3351,769,10692
2026-03-18,Wednesday,March,12,13366,41,26,6228,916,6155
2026-03-19,Thursday,March,12,12589,0,139,3480,878,8092
2026-03-20,Friday,March,12,19560,0,1582,1775,4433,11770
2026-03-21,Saturday,March,12,8674,92,0,656,7099,827
2026-03-22,Sunday,March,12,10808,0,0,2898,3042,4868
2026-03-23,Monday,March,13,11879,24,0,2832,1415,7608
2026-03-24,Tuesday,March,13,14568,13,37,6893,1376,6249
2026-03-25,Wednesday,March,13,11365,0,0,6599,1346,3420
2026-03-26,Thursday,March,13,10243,0,29,0,4570,5644
2026-03-27,Friday,March,13,10097,0,0,45,0,10052
2026-03-28,Saturday,March,13,15706,0,0,5189,1005,9512
2026-03-29,Sunday,March,13,13235,1610,0,3104,42,8479
2026-03-30,Monday,March,14,22875,60,0,42,5858,16915
2026-03-31,Tuesday,March,14,11212,0,2627,1183,982,6420
2026-04-01,Wednesday,April,14,8961,0,0,3388,1288,4285
2026-04-02,Thursday,April,14,15298,0,28,7216,1234,6820
2026-04-03,Friday,April,14,8243,0,22,58,4137,4026
2026-04-04,Saturday,April,14,15287,459,0,952,3242,10634
2026-04-05,Sunday,April,14,17957,77,0,1331,1975,14574
2026-04-06,Monday,April,15,17907,182,0,118,1104,16503
2026-04-07,Tuesday,April,15,17148,0,0,6779,1388,8981
2026-04-08,Wednesday,April,15,17041,0,0,6872,776,9393
2026-04-09,Thursday,April,15,14363,0,0,6326,1362,6675
2026-04-10,Friday,April,15,9594,0,1592,2560,1031,4411
2026-04-11,Saturday,April,15,14777,163,0,2500,2491,9623
2026-04-12,Sunday,April,15,5380,20,0,0,3286,2074
2026-04-13,Monday,April,16,4460,33,428,427,401,3171
2026-04-14,Tuesday,April,16,7797,47,303,632,1201,5614
2026-04-15,Wednesday,April,16,13854,0,13,266,5060,8515
2026-04-16,Thursday,April,16,16041,0,0,4435,4939,6667
2026-04-17,Friday,April,16,18111,0,0,3372,4900,9839
2026-04-18,Saturday,April,16,3363,379,0,321,11,2652
2026-04-19,Sunday,April,16,7305,102,0,1118,1157,4928
2026-04-20,Monday,April,17,5414,57,111,30,26,5190
2026-04-21,Tuesday,April,17,12122,0,1072,4423,1156,5471
2026-04-22,Wednesday,April,17,13697,61,32,5304,1730,6570
2026-04-23,Thursday,April,17,11403,25,16,5389,949,5024
2026-04-24,Friday,April,17,11936,0,0,593,4257,7086
2026-04-25,Saturday,April,17,13258,0,0,1871,3108,8279
2026-04-26,Sunday,April,17,19421,0,0,3198,2461,13762
2026-04-27,Monday,April,18,7719,0,1912,1837,1011,2959
2026-04-28,Tuesday,April,18,9792,0,0,3178,1065,5549
2026-04-29,Wednesday,April,18,11231,0,0,2361,2558,6312
2026-04-30,Thursday,April,18,11557,0,0,4151,995,6411
2026-05-01,Friday,May,18,15424,42,0,1362,2447,11573
2026-05-02,Saturday,May,18,16793,125,0,1771,2737,12160
2026-05-03,Sunday,May,18,14497,0,0,1814,1300,11383
2026-05-04,Monday,May,19,11254,0,13,3553,1283,6405
2026-05-05,Tuesday,May,19,10023,0,11,3363,1369,5280
2026-05-06,Wednesday,May,19,11541,0,0,519,3465,7557
2026-05-07,Thursday,May,19,12527,0,10,71,6643,5803
2026-05-08,Friday,May,19,8932,0,0,2139,2036,4757
2026-05-09,Saturday,May,19,18868,0,0,3247,3203,12418
2026-05-10,Sunday,May,19,15506,14,0,2445,3004,10043
2026-05-11,Monday,May,20,22484,0,0,4277,1444,16763
2026-05-12,Tuesday,May,20,14471,0,36,6477,1907,6051
2026-05-13,Wednesday,May,20,12530,0,1755,3031,2349,5395
2026-05-14,Thursday,May,20,8467,0,0,5261,756,2450
2026-05-15,Friday,May,20,9764,0,120,833,1797,7014
2026-05-16,Saturday,May,20,21610,0,15,4504,4821,12270
2026-05-17,Sunday,May,20,10966,0,0,1111,2282,7573
2026-05-18,Monday,May,21,17758,0,1900,4745,870,10243
2026-05-19,Tuesday,May,21,14392,0,1816,6434,1545,4597
2026-05-20,Wednesday,May,21,13520,20,14,6675,1268,5543
2026-05-21,Thursday,May,21,13019,0,20,7795,1174,4030
2026-05-22,Friday,May,21,12572,0,0,3900,1810,6862
2026-05-23,Saturday,May,21,14562,18,0,1973,2195,10376
2026-05-24,Sunday,May,21,21319,10,0,0,13320,7989
2026-05-25,Monday,May,22,10835,0,10,4053,2188,4584
2026-05-26,Tuesday,May,22,11408,0,0,6050,1354,4004
2026-05-27,Wednesday,May,22,13188,0,0,6137,825,6226
2026-05-28,Thursday,May,22,9832,0,54,4829,979,3970
2026-05-29,Friday,May,22,11994,0,24,3909,1995,6066
2026-05-30,Saturday,May,22,10796,67,0,44,1322,9363
2026-05-31,Sunday,May,22,30023,11321,0,0,2347,16355
2026-06-01,Monday,June,23,13215,33,0,4759,1167,7256
2026-06-02,Tuesday,June,23,16402,0,1799,5821,1143,7639
2026-06-03,Wednesday,June,23,12559,0,10,5125,1400,6024
2026-06-04,Thursday,June,23,13921,33,0,7304,1490,5094
2026-06-05,Friday,June,23,15157,3403,0,3169,1076,7509
2026-06-06,Saturday,June,23,16643,0,0,2844,3329,10470
2026-06-07,Sunday,June,23,14685,0,0,1773,8214,4698
2026-06-08,Monday,June,24,12463,0,0,6789,997,4677
2026-06-09,Tuesday,June,24,9898,92,1527,2897,1336,4046
2026-06-10,Wednesday,June,24,13488,0,0,6904,353,6231
2026-06-11,Thursday,June,24,17175,26,60,7023,474,9592
2026-06-12,Friday,June,24,12367,0,1580,3077,2517,5193
2026-06-13,Saturday,June,24,6143,93,10,38,120,5882
2026-06-14,Sunday,June,24,21319,12,0,1394,2456,17457
2026-06-15,Monday,June,25,18979,137,821,390,8689,8942
2026-06-16,Tuesday,June,25,15775,0,597,3133,4482,7563
2026-06-17,Wednesday,June,25,25528,0,897,6021,6455,12155
2026-06-18,Thursday,June,25,21165,0,1436,7374,4502,7853
2026-06-19,Friday,June,25,38114,0,748,15251,18030,4085
2026-06-20,Saturday,June,25,10837,0,2054,1238,2431,5114
2026-06-21,Sunday,June,25,16264,0,0,347,7490,8427
2026-06-22,Monday,June,26,12310,21,0,4609,1610,6070
2026-06-23,Tuesday,June,26,9560,0,0,4124,1195,4241
2026-06-24,Wednesday,June,26,11067,0,0,3292,1719,6056
2026-06-25,Thursday,June,26,18273,0,0,4956,1111,12206
2026-06-26,Friday,June,26,13484,0,0,3846,1736,7902
2026-06-27,Saturday,June,26,17837,1854,0,3477,4875,7631
2026-06-28,Sunday,June,26,5216,0,0,0,2818,2398
2026-06-29,Monday,June,27,18531,68,22,6799,622,11020
2026-06-30,Tuesday,June,27,12411,0,0,6989,1067,4355
2026-07-01,Wednesday,July,27,15575,10,1485,2255,4188,7637
2026-07-02,Thursday,July,27,17714,36,0,1054,7927,8697
2026-07-03,Friday,July,27,11353,36,0,53,5620,5644
2026-07-04,Saturday,July,27,9861,63,0,2247,1666,5885
2026-07-05,Sunday,July,27,19678,98,0,718,1553,17309
2026-07-06,Monday,July,28,16153,0,0,6622,1136,8395
2026-07-07,Tuesday,July,28,13165,0,1591,5247,1376,4951
2026-07-08,Wednesday,July,28,16148,0,0,6368,1191,8589
2026-07-09,Thursday,July,28,11920,0,0,6763,1319,3838
2026-07-10,Friday,July,28,8785,0,1113,3443,654,3575
2026-07-11,Saturday,July,28,20317,0,0,1801,8427,10089
2026-07-12,Sunday,July,28,8468,1049,0,11,3129,4279
2026-07-13,Monday,July,29,16474,200,0,6663,1013,8598
2026-07-14,Tuesday,July,29,12076,0,3978,2879,1313,3906
2026-07-15,Wednesday,July,29,9485,0,0,3626,1247,4612
2026-07-16,Thursday,July,29,15936,0,0,7397,908,7631
2026-07-17,Friday,July,29,7549,0,1726,2754,1027,2042
2026-07-18,Saturday,July,29,15125,0,0,1894,2853,10378
2026-07-19,Sunday,July,29,18017,1060,0,1230,3361,12366
2026-07-20,Monday,July,30,4313,0,0,0,0,4313
2026-07-21,Tuesday,July,30,N/A,N/A,N/A,N/A,N/A,N/A
2026-07-22,Wednesday,July,30,N/A,N/A,N/A,N/A,N/A,N/A
2026-07-23,Thursday,July,30,N/A,N/A,N/A,N/A,N/A,N/A
2026-07-24,Friday,July,30,N/A,N/A,N/A,N/A,N/A,N/A
2026-07-25,Saturday,July,30,N/A,N/A,N/A,N/A,N/A,N/A
2026-07-26,Sunday,July,30,N/A,N/A,N/A,N/A,N/A,N/A
2026-07-27,Monday,July,31,N/A,N/A,N/A,N/A,N/A,N/A
2026-07-28,Tuesday,July,31,N/A,N/A,N/A,N/A,N/A,N/A
2026-07-29,Wednesday,July,31,N/A,N/A,N/A,N/A,N/A,N/A
2026-07-30,Thursday,July,31,N/A,N/A,N/A,N/A,N/A,N/A
2026-07-31,Friday,July,31,N/A,N/A,N/A,N/A,N/A,N/A
2026-08-01,Saturday,August,31,N/A,N/A,N/A,N/A,N/A,N/A
2026-08-02,Sunday,August,31,N/A,N/A,N/A,N/A,N/A,N/A
2026-08-03,Monday,August,32,N/A,N/A,N/A,N/A,N/A,N/A
2026-08-04,Tuesday,August,32,N/A,N/A,N/A,N/A,N/A,N/A
2026-08-05,Wednesday,August,32,N/A,N/A,N/A,N/A,N/A,N/A
2026-08-06,Thursday,August,32,N/A,N/A,N/A,N/A,N/A,N/A
2026-08-07,Friday,August,32,N/A,N/A,N/A,N/A,N/A,N/A
2026-08-08,Saturday,August,32,N/A,N/A,N/A,N/A,N/A,N/A
2026-08-09,Sunday,August,32,N/A,N/A,N/A,N/A,N/A,N/A
2026-08-10,Monday,August,33,N/A,N/A,N/A,N/A,N/A,N/A
2026-08-11,Tuesday,August,33,N/A,N/A,N/A,N/A,N/A,N/A
2026-08-12,Wednesday,August,33,N/A,N/A,N/A,N/A,N/A,N/A
2026-08-13,Thursday,August,33,N/A,N/A,N/A,N/A,N/A,N/A
2026-08-14,Friday,August,33,N/A,N/A,N/A,N/A,N/A,N/A
2026-08-15,Saturday,August,33,N/A,N/A,N/A,N/A,N/A,N/A
2026-08-16,Sunday,August,33,N/A,N/A,N/A,N/A,N/A,N/A
2026-08-17,Monday,August,34,N/A,N/A,N/A,N/A,N/A,N/A
2026-08-18,Tuesday,August,34,N/A,N/A,N/A,N/A,N/A,N/A
2026-08-19,Wednesday,August,34,N/A,N/A,N/A,N/A,N/A,N/A
2026-08-20,Thursday,August,34,N/A,N/A,N/A,N/A,N/A,N/A
2026-08-21,Friday,August,34,N/A,N/A,N/A,N/A,N/A,N/A
2026-08-22,Saturday,August,34,N/A,N/A,N/A,N/A,N/A,N/A
2026-08-23,Sunday,August,34,N/A,N/A,N/A,N/A,N/A,N/A
2026-08-24,Monday,August,35,N/A,N/A,N/A,N/A,N/A,N/A
2026-08-25,Tuesday,August,35,N/A,N/A,N/A,N/A,N/A,N/A
2026-08-26,Wednesday,August,35,N/A,N/A,N/A,N/A,N/A,N/A
2026-08-27,Thursday,August,35,N/A,N/A,N/A,N/A,N/A,N/A
2026-08-28,Friday,August,35,N/A,N/A,N/A,N/A,N/A,N/A
2026-08-29,Saturday,August,35,N/A,N/A,N/A,N/A,N/A,N/A
2026-08-30,Sunday,August,35,N/A,N/A,N/A,N/A,N/A,N/A
2026-08-31,Monday,August,36,N/A,N/A,N/A,N/A,N/A,N/A
2026-09-01,Tuesday,September,36,N/A,N/A,N/A,N/A,N/A,N/A
2026-09-02,Wednesday,September,36,N/A,N/A,N/A,N/A,N/A,N/A
2026-09-03,Thursday,September,36,N/A,N/A,N/A,N/A,N/A,N/A
2026-09-04,Friday,September,36,N/A,N/A,N/A,N/A,N/A,N/A
2026-09-05,Saturday,September,36,N/A,N/A,N/A,N/A,N/A,N/A
2026-09-06,Sunday,September,36,N/A,N/A,N/A,N/A,N/A,N/A
2026-09-07,Monday,September,37,N/A,N/A,N/A,N/A,N/A,N/A
2026-09-08,Tuesday,September,37,N/A,N/A,N/A,N/A,N/A,N/A
2026-09-09,Wednesday,September,37,N/A,N/A,N/A,N/A,N/A,N/A
2026-09-10,Thursday,September,37,N/A,N/A,N/A,N/A,N/A,N/A
2026-09-11,Friday,September,37,N/A,N/A,N/A,N/A,N/A,N/A
2026-09-12,Saturday,September,37,N/A,N/A,N/A,N/A,N/A,N/A
2026-09-13,Sunday,September,37,N/A,N/A,N/A,N/A,N/A,N/A
2026-09-14,Monday,September,38,N/A,N/A,N/A,N/A,N/A,N/A
2026-09-15,Tuesday,September,38,N/A,N/A,N/A,N/A,N/A,N/A
2026-09-16,Wednesday,September,38,N/A,N/A,N/A,N/A,N/A,N/A
2026-09-17,Thursday,September,38,N/A,N/A,N/A,N/A,N/A,N/A
2026-09-18,Friday,September,38,N/A,N/A,N/A,N/A,N/A,N/A
2026-09-19,Saturday,September,38,N/A,N/A,N/A,N/A,N/A,N/A
2026-09-20,Sunday,September,38,N/A,N/A,N/A,N/A,N/A,N/A
2026-09-21,Monday,September,39,N/A,N/A,N/A,N/A,N/A,N/A
2026-09-22,Tuesday,September,39,N/A,N/A,N/A,N/A,N/A,N/A
2026-09-23,Wednesday,September,39,N/A,N/A,N/A,N/A,N/A,N/A
2026-09-24,Thursday,September,39,N/A,N/A,N/A,N/A,N/A,N/A
2026-09-25,Friday,September,39,N/A,N/A,N/A,N/A,N/A,N/A
2026-09-26,Saturday,September,39,N/A,N/A,N/A,N/A,N/A,N/A
2026-09-27,Sunday,September,39,N/A,N/A,N/A,N/A,N/A,N/A
2026-09-28,Monday,September,40,N/A,N/A,N/A,N/A,N/A,N/A
2026-09-29,Tuesday,September,40,N/A,N/A,N/A,N/A,N/A,N/A
2026-09-30,Wednesday,September,40,N/A,N/A,N/A,N/A,N/A,N/A
2026-10-01,Thursday,October,40,N/A,N/A,N/A,N/A,N/A,N/A
2026-10-02,Friday,October,40,N/A,N/A,N/A,N/A,N/A,N/A
2026-10-03,Saturday,October,40,N/A,N/A,N/A,N/A,N/A,N/A
2026-10-04,Sunday,October,40,N/A,N/A,N/A,N/A,N/A,N/A
2026-10-05,Monday,October,41,N/A,N/A,N/A,N/A,N/A,N/A
2026-10-06,Tuesday,October,41,N/A,N/A,N/A,N/A,N/A,N/A
2026-10-07,Wednesday,October,41,N/A,N/A,N/A,N/A,N/A,N/A
2026-10-08,Thursday,October,41,N/A,N/A,N/A,N/A,N/A,N/A
2026-10-09,Friday,October,41,N/A,N/A,N/A,N/A,N/A,N/A
2026-10-10,Saturday,October,41,N/A,N/A,N/A,N/A,N/A,N/A
2026-10-11,Sunday,October,41,N/A,N/A,N/A,N/A,N/A,N/A
2026-10-12,Monday,October,42,N/A,N/A,N/A,N/A,N/A,N/A
2026-10-13,Tuesday,October,42,N/A,N/A,N/A,N/A,N/A,N/A
2026-10-14,Wednesday,October,42,N/A,N/A,N/A,N/A,N/A,N/A
2026-10-15,Thursday,October,42,N/A,N/A,N/A,N/A,N/A,N/A
2026-10-16,Friday,October,42,N/A,N/A,N/A,N/A,N/A,N/A
2026-10-17,Saturday,October,42,N/A,N/A,N/A,N/A,N/A,N/A
2026-10-18,Sunday,October,42,N/A,N/A,N/A,N/A,N/A,N/A
2026-10-19,Monday,October,43,N/A,N/A,N/A,N/A,N/A,N/A
2026-10-20,Tuesday,October,43,N/A,N/A,N/A,N/A,N/A,N/A
2026-10-21,Wednesday,October,43,N/A,N/A,N/A,N/A,N/A,N/A
2026-10-22,Thursday,October,43,N/A,N/A,N/A,N/A,N/A,N/A
2026-10-23,Friday,October,43,N/A,N/A,N/A,N/A,N/A,N/A
2026-10-24,Saturday,October,43,N/A,N/A,N/A,N/A,N/A,N/A
2026-10-25,Sunday,October,43,N/A,N/A,N/A,N/A,N/A,N/A
2026-10-26,Monday,October,44,N/A,N/A,N/A,N/A,N/A,N/A
2026-10-27,Tuesday,October,44,N/A,N/A,N/A,N/A,N/A,N/A
2026-10-28,Wednesday,October,44,N/A,N/A,N/A,N/A,N/A,N/A
2026-10-29,Thursday,October,44,N/A,N/A,N/A,N/A,N/A,N/A
2026-10-30,Friday,October,44,N/A,N/A,N/A,N/A,N/A,N/A
2026-10-31,Saturday,October,44,N/A,N/A,N/A,N/A,N/A,N/A
2026-11-01,Sunday,November,44,N/A,N/A,N/A,N/A,N/A,N/A
2026-11-02,Monday,November,45,N/A,N/A,N/A,N/A,N/A,N/A
2026-11-03,Tuesday,November,45,N/A,N/A,N/A,N/A,N/A,N/A
2026-11-04,Wednesday,November,45,N/A,N/A,N/A,N/A,N/A,N/A
2026-11-05,Thursday,November,45,N/A,N/A,N/A,N/A,N/A,N/A
2026-11-06,Friday,November,45,N/A,N/A,N/A,N/A,N/A,N/A
2026-11-07,Saturday,November,45,N/A,N/A,N/A,N/A,N/A,N/A
2026-11-08,Sunday,November,45,N/A,N/A,N/A,N/A,N/A,N/A
2026-11-09,Monday,November,46,N/A,N/A,N/A,N/A,N/A,N/A
2026-11-10,Tuesday,November,46,N/A,N/A,N/A,N/A,N/A,N/A
2026-11-11,Wednesday,November,46,N/A,N/A,N/A,N/A,N/A,N/A
2026-11-12,Thursday,November,46,N/A,N/A,N/A,N/A,N/A,N/A
2026-11-13,Friday,November,46,N/A,N/A,N/A,N/A,N/A,N/A
2026-11-14,Saturday,November,46,N/A,N/A,N/A,N/A,N/A,N/A
2026-11-15,Sunday,November,46,N/A,N/A,N/A,N/A,N/A,N/A
2026-11-16,Monday,November,47,N/A,N/A,N/A,N/A,N/A,N/A
2026-11-17,Tuesday,November,47,N/A,N/A,N/A,N/A,N/A,N/A
2026-11-18,Wednesday,November,47,N/A,N/A,N/A,N/A,N/A,N/A
2026-11-19,Thursday,November,47,N/A,N/A,N/A,N/A,N/A,N/A
2026-11-20,Friday,November,47,N/A,N/A,N/A,N/A,N/A,N/A
2026-11-21,Saturday,November,47,N/A,N/A,N/A,N/A,N/A,N/A
2026-11-22,Sunday,November,47,N/A,N/A,N/A,N/A,N/A,N/A
2026-11-23,Monday,November,48,N/A,N/A,N/A,N/A,N/A,N/A
2026-11-24,Tuesday,November,48,N/A,N/A,N/A,N/A,N/A,N/A
2026-11-25,Wednesday,November,48,N/A,N/A,N/A,N/A,N/A,N/A
2026-11-26,Thursday,November,48,N/A,N/A,N/A,N/A,N/A,N/A
2026-11-27,Friday,November,48,N/A,N/A,N/A,N/A,N/A,N/A
2026-11-28,Saturday,November,48,N/A,N/A,N/A,N/A,N/A,N/A
2026-11-29,Sunday,November,48,N/A,N/A,N/A,N/A,N/A,N/A
2026-11-30,Monday,November,49,N/A,N/A,N/A,N/A,N/A,N/A
2026-12-01,Tuesday,December,49,N/A,N/A,N/A,N/A,N/A,N/A
2026-12-02,Wednesday,December,49,N/A,N/A,N/A,N/A,N/A,N/A
2026-12-03,Thursday,December,49,N/A,N/A,N/A,N/A,N/A,N/A
2026-12-04,Friday,December,49,N/A,N/A,N/A,N/A,N/A,N/A
2026-12-05,Saturday,December,49,N/A,N/A,N/A,N/A,N/A,N/A
2026-12-06,Sunday,December,49,N/A,N/A,N/A,N/A,N/A,N/A
2026-12-07,Monday,December,50,N/A,N/A,N/A,N/A,N/A,N/A
2026-12-08,Tuesday,December,50,N/A,N/A,N/A,N/A,N/A,N/A
2026-12-09,Wednesday,December,50,N/A,N/A,N/A,N/A,N/A,N/A
2026-12-10,Thursday,December,50,N/A,N/A,N/A,N/A,N/A,N/A
2026-12-11,Friday,December,50,N/A,N/A,N/A,N/A,N/A,N/A
2026-12-12,Saturday,December,50,N/A,N/A,N/A,N/A,N/A,N/A
2026-12-13,Sunday,December,50,N/A,N/A,N/A,N/A,N/A,N/A
2026-12-14,Monday,December,51,N/A,N/A,N/A,N/A,N/A,N/A
2026-12-15,Tuesday,December,51,N/A,N/A,N/A,N/A,N/A,N/A
2026-12-16,Wednesday,December,51,N/A,N/A,N/A,N/A,N/A,N/A
2026-12-17,Thursday,December,51,N/A,N/A,N/A,N/A,N/A,N/A
2026-12-18,Friday,December,51,N/A,N/A,N/A,N/A,N/A,N/A
2026-12-19,Saturday,December,51,N/A,N/A,N/A,N/A,N/A,N/A
2026-12-20,Sunday,December,51,N/A,N/A,N/A,N/A,N/A,N/A
2026-12-21,Monday,December,52,N/A,N/A,N/A,N/A,N/A,N/A
2026-12-22,Tuesday,December,52,N/A,N/A,N/A,N/A,N/A,N/A
2026-12-23,Wednesday,December,52,N/A,N/A,N/A,N/A,N/A,N/A
2026-12-24,Thursday,December,52,N/A,N/A,N/A,N/A,N/A,N/A
2026-12-25,Friday,December,52,N/A,N/A,N/A,N/A,N/A,N/A
2026-12-26,Saturday,December,52,N/A,N/A,N/A,N/A,N/A,N/A
2026-12-27,Sunday,December,52,N/A,N/A,N/A,N/A,N/A,N/A
2026-12-28,Monday,December,53,N/A,N/A,N/A,N/A,N/A,N/A
2026-12-29,Tuesday,December,53,N/A,N/A,N/A,N/A,N/A,N/A
2026-12-30,Wednesday,December,53,N/A,N/A,N/A,N/A,N/A,N/A
2026-12-31,Thursday,December,53,N/A,N/A,N/A,N/A,N/A,N/A
